COLLISION_PKID,COLLISION_ID,CRASH_DATE,CRASH_TIME,PRE_CRASH
1,4380859,2021-01-01,16:25:00,Going Straight Ahead
2,4381324,2021-01-01,02:58:00,Going Straight Ahead
3,4380871,2021-01-01,23:35:00,Going Straight Ahead
4,4381072,2021-01-02,19:18:00,Going Straight Ahead
5,4381396,2021-01-03,00:20:00,Going Straight Ahead
6,4381252,2021-01-03,12:00:00,Going Straight Ahead
7,4381812,2021-01-04,08:00:00,Going Straight Ahead
8,4381618,2021-01-04,11:30:00,Stopped in Traffic
9,4381828,2021-01-04,20:31:00,Going Straight Ahead
10,4381730,2021-01-05,13:27:00,Going Straight Ahead
11,4383778,2021-01-06,08:03:00,Passing
12,4382025,2021-01-06,17:20:00,Slowing or Stopping
13,4382882,2021-01-07,19:48:00,Making Left Turn
14,4382494,2021-01-07,11:33:00,Slowing or Stopping
15,4382554,2021-01-08,11:40:00,Going Straight Ahead
16,4382585,2021-01-08,16:16:00,Going Straight Ahead
17,4382900,2021-01-09,18:40:00,Going Straight Ahead
18,4382795,2021-01-09,14:32:00,Going Straight Ahead
19,4382916,2021-01-10,22:45:00,Making U Turn
20,4383511,2021-01-11,05:20:00,Going Straight Ahead
21,4383205,2021-01-11,12:00:00,Going Straight Ahead
22,4383624,2021-01-12,21:15:00,Slowing or Stopping
23,4383578,2021-01-13,06:49:00,Going Straight Ahead
24,4383879,2021-01-14,08:05:00,Merging
25,4386536,2021-01-15,23:30:00,Going Straight Ahead
26,4384252,2021-01-16,07:17:00,Going Straight Ahead
27,4384365,2021-01-16,22:10:00,Going Straight Ahead
28,4384573,2021-01-17,11:22:00,Going Straight Ahead
29,4385688,2021-01-18,14:50:00,Going Straight Ahead
30,4390514,2021-01-18,20:05:00,Going Straight Ahead
31,4385229,2021-01-19,00:15:00,Changing Lanes
32,4385393,2021-01-20,11:00:00,Going Straight Ahead
33,4385544,2021-01-21,06:07:00,Stopped in Traffic
34,4385927,2021-01-21,13:25:00,Slowing or Stopping
35,4385874,2021-01-22,11:25:00,Changing Lanes
36,4385962,2021-01-22,19:50:00,Making Left Turn
37,4386232,2021-01-23,12:45:00,Changing Lanes
38,4386102,2021-01-23,15:50:00,Changing Lanes
39,4386721,2021-01-24,12:15:00,Slowing or Stopping
40,4386778,2021-01-25,15:00:00,Going Straight Ahead
41,4390874,2021-01-25,18:44:00,Going Straight Ahead
42,4387073,2021-01-26,16:19:00,Avoiding Object in Roadway
43,4387248,2021-01-27,19:49:00,Going Straight Ahead
44,4387460,2021-01-27,20:15:00,Going Straight Ahead
45,4387605,2021-01-28,15:00:00,Making Left Turn
46,4387920,2021-01-29,18:00:00,Making Right Turn
47,4389153,2021-01-30,21:52:00,Going Straight Ahead
48,4387948,2021-01-30,23:10:00,Merging
49,4388073,2021-01-30,09:00:00,Going Straight Ahead
50,4388141,2021-01-31,14:00:00,Making Right Turn
51,4388422,2021-01-31,15:15:00,Making Left Turn
52,4389525,2021-02-01,00:00:00,Going Straight Ahead
53,4388638,2021-02-02,07:59:00,Going Straight Ahead
54,4389267,2021-02-03,10:37:00,Going Straight Ahead
55,4389250,2021-02-04,14:15:00,Changing Lanes
56,4389407,2021-02-04,12:40:00,Going Straight Ahead
57,4389366,2021-02-05,02:58:00,Going Straight Ahead
58,4389752,2021-02-06,20:50:00,Changing Lanes
59,4389839,2021-02-07,00:45:00,Going Straight Ahead
60,4389959,2021-02-07,19:32:00,Going Straight Ahead
61,4390461,2021-02-08,19:00:00,Going Straight Ahead
62,4390715,2021-02-08,06:43:00,Going Straight Ahead
63,4390560,2021-02-09,07:50:00,Going Straight Ahead
64,4390551,2021-02-09,05:20:00,Going Straight Ahead
65,4391185,2021-02-11,13:33:00,Backing
66,4391075,2021-02-11,05:42:00,Going Straight Ahead
67,4392723,2021-02-12,18:30:00,Making Left Turn
68,4391289,2021-02-12,03:14:00,Making Right Turn
69,4391566,2021-02-13,15:21:00,Making Right Turn
70,4391693,2021-02-14,13:00:00,Going Straight Ahead
71,4392376,2021-02-15,11:20:00,Going Straight Ahead
72,4392486,2021-02-16,17:10:00,Going Straight Ahead
73,4393138,2021-02-16,15:00:00,Making Right Turn
74,4392479,2021-02-17,09:45:00,Parked
75,4393010,2021-02-18,12:20:00,Going Straight Ahead
76,4392973,2021-02-18,23:30:00,Starting from Parking
77,4393051,2021-02-18,07:00:00,Going Straight Ahead
78,4393149,2021-02-19,22:45:00,Going Straight Ahead
79,4393148,2021-02-19,15:50:00,Going Straight Ahead
80,4395432,2021-02-20,17:05:00,Going Straight Ahead
81,4393654,2021-02-20,13:30:00,Going Straight Ahead
82,4393481,2021-02-21,16:33:00,Going Straight Ahead
83,4393742,2021-02-22,12:20:00,Going Straight Ahead
84,4394277,2021-02-23,20:43:00,Other*
85,4394277,2021-02-23,20:43:00,Going Straight Ahead
86,4394246,2021-02-24,10:50:00,Going Straight Ahead
87,4394296,2021-02-24,14:30:00,Going Straight Ahead
88,4394817,2021-02-25,23:00:00,Making Left Turn
89,4394760,2021-02-26,09:03:00,Going Straight Ahead
90,4396891,2021-02-26,22:24:00,Going Straight Ahead
91,4395059,2021-02-27,21:45:00,Making Left Turn
92,4395427,2021-02-28,13:00:00,Going Straight Ahead
93,4395509,2021-03-01,13:00:00,Changing Lanes
94,4395498,2021-03-01,19:34:00,Making Left Turn
95,4395894,2021-03-02,20:12:00,Going Straight Ahead
96,4397469,2021-03-03,16:30:00,Going Straight Ahead
97,4396380,2021-03-04,14:30:00,Going Straight Ahead
98,4396380,2021-03-04,14:30:00,Making Left Turn
99,4397155,2021-03-05,22:00:00,Going Straight Ahead
100,4396418,2021-03-05,08:00:00,Going Straight Ahead
101,4396757,2021-03-06,05:13:00,Making Left Turn
102,4396674,2021-03-06,11:00:00,Going Straight Ahead
103,4397166,2021-03-07,02:30:00,Going Straight Ahead
104,4397199,2021-03-07,23:20:00,Going Straight Ahead
105,4398230,2021-03-08,11:50:00,Merging
106,4397530,2021-03-09,13:30:00,Going Straight Ahead
107,4397662,2021-03-09,05:10:00,Going Straight Ahead
108,4397379,2021-03-09,01:15:00,Going Straight Ahead
109,4397905,2021-03-10,20:42:00,Making U Turn
110,4398110,2021-03-11,10:52:00,Going Straight Ahead
111,4398276,2021-03-12,00:00:00,Going Straight Ahead
112,4398542,2021-03-12,22:20:00,Changing Lanes
113,4398859,2021-03-13,12:15:00,Backing
114,4399055,2021-03-13,18:15:00,Making Right Turn
115,4399339,2021-03-14,03:18:00,Going Straight Ahead
116,4399221,2021-03-15,22:20:00,Going Straight Ahead
117,4399329,2021-03-16,03:39:00,Going Straight Ahead
118,4399837,2021-03-17,01:25:00,Going Straight Ahead
119,4399841,2021-03-18,05:30:00,Going Straight Ahead
120,4400151,2021-03-18,17:28:00,Going Straight Ahead
121,4400377,2021-03-19,16:00:00,Going Straight Ahead
122,4400283,2021-03-20,17:25:00,Going Straight Ahead
123,4401040,2021-03-21,00:30:00,Backing
124,4400856,2021-03-21,23:47:00,Going Straight Ahead
125,4401125,2021-03-22,13:00:00,Merging
126,4401374,2021-03-23,11:30:00,Going Straight Ahead
127,4401676,2021-03-23,23:15:00,Going Straight Ahead
128,4402243,2021-03-24,12:57:00,Starting from Parking
129,4401684,2021-03-24,21:44:00,Other*
130,4402382,2021-03-25,21:00:00,Going Straight Ahead
131,4403853,2021-03-25,09:55:00,Going Straight Ahead
132,4402754,2021-03-26,13:30:00,Going Straight Ahead
133,4401838,2021-03-26,00:39:00,Going Straight Ahead
134,4401998,2021-03-26,20:38:00,Slowing or Stopping
135,4402578,2021-03-27,18:30:00,Going Straight Ahead
136,4402972,2021-03-27,11:40:00,Entering Parked Position
137,4403817,2021-03-28,13:30:00,Going Straight Ahead
138,4403216,2021-03-29,15:40:00,Making Right Turn
139,4404719,2021-03-29,20:34:00,Going Straight Ahead
140,4403038,2021-03-30,03:55:00,Going Straight Ahead
141,4403213,2021-03-30,16:00:00,Going Straight Ahead
142,4403431,2021-03-31,23:50:00,Merging
143,4403332,2021-03-31,13:06:00,Slowing or Stopping
144,4403480,2021-03-31,17:11:00,Going Straight Ahead
145,4403951,2021-04-01,22:00:00,Making Left Turn
146,4404520,2021-04-02,15:50:00,Going Straight Ahead
147,4403927,2021-04-02,20:16:00,Changing Lanes
148,4404778,2021-04-03,15:04:00,Going Straight Ahead
149,4404783,2021-04-03,16:10:00,Going Straight Ahead
150,4404528,2021-04-04,23:50:00,Going Straight Ahead
151,4404358,2021-04-04,19:33:00,Going Straight Ahead
152,4404564,2021-04-04,01:45:00,Going Straight Ahead
153,4404798,2021-04-05,20:30:00,Slowing or Stopping
154,4404798,2021-04-05,20:30:00,Going Straight Ahead
155,4405037,2021-04-06,15:10:00,Going Straight Ahead
156,4408391,2021-04-06,08:50:00,Going Straight Ahead
157,4405244,2021-04-06,22:58:00,Going Straight Ahead
158,4407217,2021-04-07,10:56:00,Going Straight Ahead
159,4405698,2021-04-08,22:20:00,Going Straight Ahead
160,4406508,2021-04-08,15:53:00,Going Straight Ahead
161,4406632,2021-04-09,20:24:00,Merging
162,4406593,2021-04-10,16:00:00,Going Straight Ahead
163,4406330,2021-04-10,13:27:00,Going Straight Ahead
164,4406341,2021-04-10,19:30:00,Going Straight Ahead
165,4406129,2021-04-11,02:45:00,Going Straight Ahead
166,4406554,2021-04-12,02:20:00,Going Straight Ahead
167,4406873,2021-04-13,08:05:00,Going Straight Ahead
168,4407548,2021-04-14,10:40:00,Going Straight Ahead
169,4407829,2021-04-15,12:26:00,Going Straight Ahead
170,4408166,2021-04-16,16:12:00,Going Straight Ahead
171,4407998,2021-04-16,09:35:00,Going Straight Ahead
172,4408070,2021-04-16,17:16:00,Making Left Turn
173,4410149,2021-04-17,04:30:00,Going Straight Ahead
174,4408352,2021-04-17,23:50:00,Going Straight Ahead
175,4408676,2021-04-18,21:34:00,Making Left Turn
176,4408476,2021-04-18,00:08:00,Going Straight Ahead
177,4408770,2021-04-19,08:55:00,Going Straight Ahead
178,4409549,2021-04-20,21:25:00,Going Straight Ahead
179,4409224,2021-04-20,22:30:00,Going Straight Ahead
180,4409464,2021-04-21,05:50:00,Going Straight Ahead
181,4409964,2021-04-21,07:25:00,Merging
182,4409632,2021-04-22,17:19:00,Going Straight Ahead
183,4409796,2021-04-23,12:24:00,Avoiding Object in Roadway
184,4409824,2021-04-23,07:41:00,Going Straight Ahead
185,4410695,2021-04-24,12:04:00,Going Straight Ahead
186,4410088,2021-04-25,05:25:00,Going Straight Ahead
187,4410436,2021-04-25,23:40:00,Other*
188,4410539,2021-04-25,03:01:00,Going Straight Ahead
189,4411607,2021-04-26,01:08:00,Going Straight Ahead
190,4411143,2021-04-27,09:49:00,Going Straight Ahead
191,4411168,2021-04-27,15:35:00,Going Straight Ahead
192,4415354,2021-04-28,03:56:00,Backing
193,4411508,2021-04-28,23:39:00,Going Straight Ahead
194,4418898,2021-04-29,17:00:00,Going Straight Ahead
195,4411527,2021-04-29,01:14:00,Going Straight Ahead
196,4412357,2021-04-29,21:00:00,Going Straight Ahead
197,4412108,2021-04-30,20:32:00,Going Straight Ahead
198,4414422,2021-04-30,06:47:00,Going Straight Ahead
199,4412147,2021-05-01,09:00:00,Going Straight Ahead
200,4412757,2021-05-01,09:15:00,Going Straight Ahead
201,4412502,2021-05-02,01:30:00,Going Straight Ahead
202,4413692,2021-05-03,01:05:00,Making Right Turn
203,4413606,2021-05-04,22:00:00,Going Straight Ahead
204,4413219,2021-05-04,01:11:00,Going Straight Ahead
205,4414988,2021-05-05,09:18:00,Going Straight Ahead
206,4414012,2021-05-06,08:45:00,Going Straight Ahead
207,4413988,2021-05-06,01:20:00,Going Straight Ahead
208,4414677,2021-05-07,22:00:00,Going Straight Ahead
209,4416160,2021-05-07,15:05:00,Going Straight Ahead
210,4414321,2021-05-08,04:44:00,Going Straight Ahead
211,4414745,2021-05-08,22:19:00,Slowing or Stopping
212,4415557,2021-05-09,12:45:00,Going Straight Ahead
213,4415104,2021-05-09,22:30:00,Going Straight Ahead
214,4415310,2021-05-10,10:00:00,Changing Lanes
215,4415149,2021-05-10,01:00:00,Going Straight Ahead
216,4415495,2021-05-11,11:05:00,Going Straight Ahead
217,4415821,2021-05-12,01:17:00,Going Straight Ahead
218,4417455,2021-05-12,15:18:00,Changing Lanes
219,4416136,2021-05-13,07:20:00,Going Straight Ahead
220,4416958,2021-05-14,15:46:00,Making Left Turn
221,4458377,2021-05-14,13:17:00,Slowing or Stopping
222,4417422,2021-05-14,12:30:00,Passing
223,4417073,2021-05-15,13:10:00,Changing Lanes
224,4417200,2021-05-15,14:20:00,Going Straight Ahead
225,4416681,2021-05-15,14:10:00,Going Straight Ahead
226,4418218,2021-05-16,12:40:00,Making Left Turn
227,4416731,2021-05-16,04:05:00,Going Straight Ahead
228,4420322,2021-05-17,00:00:00,Going Straight Ahead
229,4419356,2021-05-17,00:09:00,Going Straight Ahead
230,4417140,2021-05-17,00:00:00,Going Straight Ahead
231,4417888,2021-05-18,15:30:00,Going Straight Ahead
232,4417826,2021-05-18,12:10:00,Making Left Turn
233,4417918,2021-05-18,02:58:00,Going Straight Ahead
234,4418295,2021-05-19,15:30:00,Going Straight Ahead
235,4418910,2021-05-19,17:20:00,Making Left Turn
236,4419150,2021-05-20,19:50:00,Making Left Turn
237,4419474,2021-05-20,09:06:00,Merging
238,4419449,2021-05-21,21:09:00,Making U Turn
239,4419079,2021-05-21,00:00:00,Entering Parked Position
240,4419085,2021-05-22,23:10:00,Going Straight Ahead
241,4420148,2021-05-22,14:53:00,Going Straight Ahead
242,4419844,2021-05-23,12:20:00,Making Right Turn
243,4419092,2021-05-23,02:12:00,Slowing or Stopping
244,4420304,2021-05-24,08:15:00,Going Straight Ahead
245,4420197,2021-05-24,20:30:00,Making U Turn
246,4420395,2021-05-25,15:00:00,Going Straight Ahead
247,4420468,2021-05-26,00:50:00,Merging
248,4420934,2021-05-27,00:14:00,Going Straight Ahead
249,4421218,2021-05-27,09:14:00,Slowing or Stopping
250,4421210,2021-05-27,14:50:00,Going Straight Ahead
251,4421438,2021-05-28,03:53:00,Going Straight Ahead
252,4421668,2021-05-28,01:09:00,Going Straight Ahead
253,4421912,2021-05-29,06:30:00,Going Straight Ahead
254,4421601,2021-05-29,22:55:00,Going Straight Ahead
255,4421805,2021-05-30,13:50:00,Merging
256,4422020,2021-05-30,05:39:00,Going Straight Ahead
257,4423202,2021-05-31,12:44:00,Going Straight Ahead
258,4423906,2021-05-31,09:31:00,Making Left Turn
259,4422746,2021-06-01,20:40:00,Making Right Turn
260,4422495,2021-06-01,01:22:00,Going Straight Ahead
261,4424461,2021-06-01,08:30:00,Going Straight Ahead
262,4422948,2021-06-02,12:25:00,Backing
263,4423436,2021-06-03,09:34:00,Going Straight Ahead
264,4424269,2021-06-03,16:03:00,Going Straight Ahead
265,4423548,2021-06-04,14:48:00,Going Straight Ahead
266,4424002,2021-06-04,20:23:00,Going Straight Ahead
267,4423831,2021-06-05,17:35:00,Going Straight Ahead
268,4424112,2021-06-05,19:35:00,Going Straight Ahead
269,4431847,2021-06-06,14:30:00,Going Straight Ahead
270,4425260,2021-06-06,08:50:00,Going Straight Ahead
271,4424000,2021-06-06,00:00:00,Going Straight Ahead
272,4424789,2021-06-07,02:29:00,Going Straight Ahead
273,4424687,2021-06-07,17:40:00,Going Straight Ahead
274,4425025,2021-06-08,21:45:00,Going Straight Ahead
275,4425398,2021-06-09,12:21:00,Going Straight Ahead
276,4425349,2021-06-09,17:00:00,Slowing or Stopping
277,4426256,2021-06-10,23:43:00,Going Straight Ahead
278,4425648,2021-06-10,14:55:00,Going Straight Ahead
279,4426462,2021-06-11,15:51:00,Going Straight Ahead
280,4426602,2021-06-12,16:00:00,Entering Parked Position
281,4426801,2021-06-12,21:35:00,Making Right Turn
282,4426617,2021-06-13,08:59:00,Going Straight Ahead
283,4426690,2021-06-13,23:01:00,Changing Lanes
284,4428802,2021-06-14,16:00:00,Going Straight Ahead
285,4427384,2021-06-14,22:10:00,Going Straight Ahead
286,4427531,2021-06-15,13:54:00,Changing Lanes
287,4427466,2021-06-15,08:35:00,Going Straight Ahead
288,4428373,2021-06-16,08:40:00,Going Straight Ahead
289,4427820,2021-06-16,12:13:00,Going Straight Ahead
290,4427727,2021-06-16,09:10:00,Making Left Turn
291,4428330,2021-06-17,13:10:00,Starting from Parking
292,4428401,2021-06-17,20:05:00,Entering Parked Position
293,4429077,2021-06-18,21:40:00,Going Straight Ahead
294,4428663,2021-06-19,07:05:00,Making Right Turn
295,4434572,2021-06-19,23:47:00,Going Straight Ahead
296,4429264,2021-06-19,18:55:00,Going Straight Ahead
297,4429281,2021-06-20,00:45:00,Going Straight Ahead
298,4428794,2021-06-20,03:00:00,Going Straight Ahead
299,4429851,2021-06-21,16:35:00,Going Straight Ahead
300,4429934,2021-06-22,18:00:00,Going Straight Ahead
301,4430106,2021-06-22,19:39:00,Going Straight Ahead
302,4430727,2021-06-23,05:59:00,Going Straight Ahead
303,4430327,2021-06-23,12:50:00,Starting from Parking
304,4432907,2021-06-24,15:35:00,Going Straight Ahead
305,4430548,2021-06-24,10:00:00,Backing
306,4431093,2021-06-25,17:30:00,Slowing or Stopping
307,4431470,2021-06-25,19:32:00,Going Straight Ahead
308,4432536,2021-06-26,19:00:00,Going Straight Ahead
309,4431891,2021-06-26,17:50:00,Going Straight Ahead
310,4434597,2021-06-26,03:20:00,Going Straight Ahead
311,4431620,2021-06-27,16:00:00,Going Straight Ahead
312,4432270,2021-06-27,00:55:00,Going Straight Ahead
313,4432963,2021-06-28,04:05:00,Making Right Turn
314,4432207,2021-06-28,13:00:00,Making Left Turn
315,4431928,2021-06-28,16:01:00,Making Left Turn
316,4432779,2021-06-29,07:00:00,Going Straight Ahead
317,4433445,2021-06-29,10:00:00,Going Straight Ahead
318,4434313,2021-06-30,17:42:00,Going Straight Ahead
319,4432801,2021-06-30,22:31:00,Going Straight Ahead
320,4433405,2021-07-01,22:40:00,Stopped in Traffic
321,4433303,2021-07-02,07:58:00,Going Straight Ahead
322,4433923,2021-07-02,06:00:00,Changing Lanes
323,4433822,2021-07-03,22:23:00,Making U Turn
324,4433511,2021-07-03,11:28:00,Going Straight Ahead
325,4445601,2021-07-04,17:52:00,Going Straight Ahead
326,4433980,2021-07-04,16:30:00,Going Straight Ahead
327,4436099,2021-07-05,08:30:00,Making Left Turn
328,4436880,2021-07-05,17:05:00,Parked
329,4434859,2021-07-06,17:40:00,Going Straight Ahead
330,4434878,2021-07-07,03:10:00,Going Straight Ahead
331,4435569,2021-07-07,16:10:00,Going Straight Ahead
332,4456657,2021-07-08,02:56:00,Going Straight Ahead
333,4456633,2021-07-08,22:57:00,Making Left Turn
334,4435495,2021-07-09,16:00:00,Going Straight Ahead
335,4436124,2021-07-09,16:17:00,Going Straight Ahead
336,4437183,2021-07-09,05:00:00,Going Straight Ahead
337,4435594,2021-07-10,22:20:00,Making Right Turn
338,4435461,2021-07-10,04:26:00,Going Straight Ahead
339,4436052,2021-07-11,21:26:00,Parked
340,4435672,2021-07-11,02:00:00,Going Straight Ahead
341,4436392,2021-07-12,14:35:00,Making Left Turn
342,4436967,2021-07-13,15:10:00,Starting from Parking
343,4437978,2021-07-14,19:50:00,Making Left Turn
344,4437235,2021-07-14,01:55:00,Going Straight Ahead
345,4437173,2021-07-15,12:19:00,Going Straight Ahead
346,4437381,2021-07-15,06:18:00,Other*
347,4438286,2021-07-16,20:15:00,Going Straight Ahead
348,4438499,2021-07-16,15:03:00,Slowing or Stopping
349,4438107,2021-07-17,06:24:00,Going Straight Ahead
350,4437869,2021-07-17,16:23:00,Going Straight Ahead
351,4440507,2021-07-17,07:25:00,Going Straight Ahead
352,4439358,2021-07-17,00:59:00,Going Straight Ahead
353,4439269,2021-07-18,01:30:00,Making Right Turn
354,4438178,2021-07-18,04:09:00,Going Straight Ahead
355,4438251,2021-07-19,03:20:00,Going Straight Ahead
356,4438645,2021-07-19,14:46:00,Going Straight Ahead
357,4439711,2021-07-20,12:35:00,Going Straight Ahead
358,4439424,2021-07-20,01:00:00,Stopped in Traffic
359,4439341,2021-07-21,22:10:00,Going Straight Ahead
360,4445750,2021-07-22,15:30:00,Making Left Turn
361,4439826,2021-07-22,22:50:00,Going Straight Ahead
362,4439836,2021-07-23,14:00:00,Going Straight Ahead
363,4440465,2021-07-24,14:53:00,Going Straight Ahead
364,4440151,2021-07-24,08:49:00,Going Straight Ahead
365,4441067,2021-07-24,17:00:00,Going Straight Ahead
366,4440318,2021-07-25,14:15:00,Making Left Turn
367,4440508,2021-07-25,00:00:00,Going Straight Ahead
368,4441060,2021-07-26,22:06:00,Going Straight Ahead
369,4440924,2021-07-26,14:20:00,Going Straight Ahead
370,4441102,2021-07-27,18:09:00,Going Straight Ahead
371,4441190,2021-07-27,19:35:00,Making Right Turn
372,4442109,2021-07-27,22:45:00,Slowing or Stopping
373,4441246,2021-07-28,00:25:00,Merging
374,4442429,2021-07-29,18:40:00,Making Left Turn
375,4441537,2021-07-29,04:15:00,Going Straight Ahead
376,4444297,2021-07-30,01:32:00,Going Straight Ahead
377,4443360,2021-07-30,21:20:00,Backing
378,4442148,2021-07-31,06:58:00,Changing Lanes
379,4442506,2021-07-31,16:45:00,Stopped in Traffic
380,4442725,2021-08-01,20:58:00,Making U Turn
381,4444359,2021-08-02,18:03:00,Slowing or Stopping
382,4443431,2021-08-02,15:50:00,Starting from Parking
383,4443457,2021-08-03,12:08:00,Entering Parked Position
384,4443467,2021-08-03,18:36:00,Backing
385,4444106,2021-08-04,16:00:00,Going Straight Ahead
386,4445277,2021-08-04,06:26:00,Going Straight Ahead
387,4444900,2021-08-05,04:30:00,Going Straight Ahead
388,4445055,2021-08-05,18:50:00,Going Straight Ahead
389,4445230,2021-08-06,13:45:00,Making Left Turn
390,4444611,2021-08-07,14:10:00,Passing
391,4445612,2021-08-07,18:45:00,Going Straight Ahead
392,4445092,2021-08-07,02:40:00,Passing
393,4447480,2021-08-08,15:15:00,Going Straight Ahead
394,4445222,2021-08-08,06:10:00,Making Left Turn
395,4445787,2021-08-09,19:30:00,Going Straight Ahead
396,4445434,2021-08-09,09:20:00,Going Straight Ahead
397,4446401,2021-08-10,21:09:00,Slowing or Stopping
398,4450360,2021-08-10,12:10:00,Making Left Turn
399,4446189,2021-08-11,23:15:00,Changing Lanes
400,4446426,2021-08-11,10:46:00,Slowing or Stopping
401,4446471,2021-08-12,20:15:00,Going Straight Ahead
402,4446571,2021-08-12,06:45:00,Going Straight Ahead
403,4447148,2021-08-13,14:15:00,Making Left Turn
404,4448143,2021-08-13,09:30:00,Going Straight Ahead
405,4447281,2021-08-14,16:00:00,Going Straight Ahead
406,4447103,2021-08-14,20:46:00,Starting in Traffic
407,4447080,2021-08-15,04:43:00,Going Straight Ahead
408,4447613,2021-08-15,03:59:00,Going Straight Ahead
409,4447845,2021-08-16,08:45:00,Going Straight Ahead
410,4447750,2021-08-17,01:10:00,Going Straight Ahead
411,4448664,2021-08-17,17:00:00,Changing Lanes
412,4448494,2021-08-17,08:45:00,Going Straight Ahead
413,4448550,2021-08-18,08:41:00,Making Left Turn
414,4448171,2021-08-18,00:18:00,Going Straight Ahead
415,4449559,2021-08-19,09:10:00,Starting from Parking
416,4449053,2021-08-20,11:46:00,Slowing or Stopping
417,4448918,2021-08-20,20:10:00,Making Right Turn
418,4448969,2021-08-21,02:55:00,Going Straight Ahead
419,4450052,2021-08-21,14:00:00,Changing Lanes
420,4449339,2021-08-22,13:45:00,Going Straight Ahead
421,4449636,2021-08-22,10:39:00,Going Straight Ahead
422,4450007,2021-08-23,17:00:00,Going Straight Ahead
423,4450539,2021-08-24,06:26:00,Changing Lanes
424,4450740,2021-08-25,13:27:00,Making Left Turn
425,4450662,2021-08-25,19:31:00,Going Straight Ahead
426,4450860,2021-08-26,06:00:00,Going Straight Ahead
427,4450890,2021-08-26,19:55:00,Going Straight Ahead
428,4451866,2021-08-27,03:15:00,Going Straight Ahead
429,4451379,2021-08-27,17:31:00,Making Left Turn
430,4451393,2021-08-28,20:10:00,Going Straight Ahead
431,4452438,2021-08-28,03:47:00,Making Left Turn
432,4451594,2021-08-29,11:42:00,Going Straight Ahead
433,4452015,2021-08-29,03:04:00,Going Straight Ahead
434,4451818,2021-08-29,15:06:00,Making Left Turn
435,4452127,2021-08-30,09:45:00,Going Straight Ahead
436,4453159,2021-08-31,18:56:00,Going Straight Ahead
437,4452579,2021-08-31,21:30:00,Going Straight Ahead
438,4452959,2021-09-01,19:55:00,Making Left Turn
439,4453183,2021-09-01,09:30:00,Going Straight Ahead
440,4453404,2021-09-02,13:13:00,Changing Lanes
441,4453448,2021-09-02,18:00:00,Changing Lanes
442,4453170,2021-09-02,16:04:00,Going Straight Ahead
443,4453825,2021-09-03,05:30:00,Going Straight Ahead
444,4453677,2021-09-03,07:30:00,Slowing or Stopping
445,4453636,2021-09-04,02:33:00,Other*
446,4453674,2021-09-04,05:55:00,Going Straight Ahead
447,4453879,2021-09-04,08:30:00,Starting from Parking
448,4453710,2021-09-05,00:40:00,Going Straight Ahead
449,4454535,2021-09-06,13:01:00,Going Straight Ahead
450,4456535,2021-09-06,10:30:00,Going Straight Ahead
451,4455235,2021-09-07,21:47:00,Going Straight Ahead
452,4455064,2021-09-07,17:30:00,Slowing or Stopping
453,4455078,2021-09-08,19:35:00,Going Straight Ahead
454,4455528,2021-09-08,08:30:00,Starting from Parking
455,4455847,2021-09-09,22:31:00,Going Straight Ahead
456,4455352,2021-09-09,11:32:00,Going Straight Ahead
457,4456443,2021-09-10,16:20:00,Entering Parked Position
458,4456117,2021-09-11,22:50:00,Going Straight Ahead
459,4456313,2021-09-11,00:50:00,Going Straight Ahead
460,4455970,2021-09-12,05:18:00,Going Straight Ahead
461,4456093,2021-09-12,03:50:00,Going Straight Ahead
462,4456888,2021-09-13,06:40:00,Making Right Turn
463,4457119,2021-09-14,08:15:00,Going Straight Ahead
464,4457545,2021-09-14,10:57:00,Making Left Turn
465,4457799,2021-09-15,22:43:00,Going Straight Ahead
466,4457547,2021-09-15,09:39:00,Going Straight Ahead
467,4457970,2021-09-16,20:20:00,Going Straight Ahead
468,4458455,2021-09-17,15:56:00,Going Straight Ahead
469,4458331,2021-09-17,09:05:00,Going Straight Ahead
470,4459067,2021-09-18,22:13:00,Going Straight Ahead
471,4458899,2021-09-18,06:10:00,Going Straight Ahead
472,4458695,2021-09-19,14:30:00,Going Straight Ahead
473,4458633,2021-09-19,03:40:00,Going Straight Ahead
474,4459110,2021-09-19,19:07:00,Making Left Turn
475,4459508,2021-09-20,13:48:00,Changing Lanes
476,4463304,2021-09-20,10:30:00,Backing
477,4459605,2021-09-21,13:00:00,Making Left Turn
478,4459558,2021-09-21,19:26:00,Going Straight Ahead
479,4460188,2021-09-22,23:20:00,Changing Lanes
480,4460107,2021-09-22,17:35:00,Going Straight Ahead
481,4460424,2021-09-23,17:42:00,Going Straight Ahead
482,4461121,2021-09-24,00:30:00,Going Straight Ahead
483,4460578,2021-09-24,03:55:00,Going Straight Ahead
484,4463254,2021-09-25,19:20:00,Making Left Turn
485,4461263,2021-09-25,06:55:00,Going Straight Ahead
486,4461720,2021-09-26,05:15:00,Going Straight Ahead
487,4461454,2021-09-26,03:19:00,Going Straight Ahead
488,4461897,2021-09-27,11:26:00,Entering Parked Position
489,4461600,2021-09-27,00:15:00,Changing Lanes
490,4461947,2021-09-28,02:17:00,Going Straight Ahead
491,4462513,2021-09-28,12:15:00,Making Left Turn
492,4463294,2021-09-29,23:10:00,Going Straight Ahead
493,4462921,2021-09-30,18:10:00,Parked
494,4462661,2021-09-30,14:47:00,Going Straight Ahead
495,4463497,2021-10-01,21:29:00,Going Straight Ahead
496,4464212,2021-10-01,19:10:00,Other*
497,4463261,2021-10-02,05:13:00,Going Straight Ahead
498,4463601,2021-10-03,21:12:00,Going Straight Ahead
499,4464737,2021-10-03,12:00:00,Going Straight Ahead
500,4465636,2021-10-04,22:34:00,Passing
501,4464452,2021-10-05,13:47:00,Changing Lanes
502,4467344,2021-10-06,14:05:00,Making Left Turn
503,4464942,2021-10-06,23:05:00,Merging
504,4465122,2021-10-07,21:10:00,Going Straight Ahead
505,4465592,2021-10-08,18:50:00,Going Straight Ahead
506,4466366,2021-10-08,21:29:00,Going Straight Ahead
507,4465618,2021-10-09,21:55:00,Changing Lanes
508,4465693,2021-10-09,00:00:00,Going Straight Ahead
509,4467581,2021-10-10,01:00:00,Backing
510,4466058,2021-10-10,23:50:00,Changing Lanes
511,4466253,2021-10-11,15:36:00,Going Straight Ahead
512,4466404,2021-10-11,18:50:00,Making U Turn
513,4469742,2021-10-12,14:46:00,Changing Lanes
514,4467087,2021-10-12,11:17:00,Going Straight Ahead
515,4466638,2021-10-12,19:21:00,Going Straight Ahead
516,4466786,2021-10-13,12:35:00,Going Straight Ahead
517,4469228,2021-10-13,18:11:00,Going Straight Ahead
518,4467016,2021-10-14,08:15:00,Making Left Turn
519,4467445,2021-10-14,20:33:00,Making Right Turn
520,4467368,2021-10-15,11:00:00,Going Straight Ahead
521,4468455,2021-10-16,19:50:00,Making Left Turn
522,4468032,2021-10-16,08:30:00,Going Straight Ahead
523,4468365,2021-10-17,10:57:00,Going Straight Ahead
524,4468245,2021-10-17,23:25:00,Going Straight Ahead
525,4468171,2021-10-17,00:00:00,Making Left Turn
526,4468304,2021-10-18,04:37:00,Going Straight Ahead
527,4470354,2021-10-18,22:21:00,Making Left Turn
528,4469207,2021-10-19,19:29:00,Going Straight Ahead
529,4469214,2021-10-19,00:00:00,Going Straight Ahead
530,4469168,2021-10-20,10:00:00,Going Straight Ahead
531,4469333,2021-10-20,17:26:00,Making Left Turn
532,4469559,2021-10-21,08:32:00,Going Straight Ahead
533,4470762,2021-10-22,07:35:00,Slowing or Stopping
534,4470534,2021-10-22,18:21:00,Going Straight Ahead
535,4471593,2021-10-23,19:44:00,Going Straight Ahead
536,4472287,2021-10-23,01:20:00,Going Straight Ahead
537,4470583,2021-10-23,16:15:00,Making U Turn
538,4470530,2021-10-23,22:40:00,Going Straight Ahead
539,4470423,2021-10-24,01:42:00,Going Straight Ahead
540,4470846,2021-10-25,07:30:00,Making Right Turn
541,4471096,2021-10-25,08:48:00,Stopped in Traffic
542,4470938,2021-10-26,01:08:00,Going Straight Ahead
543,4473004,2021-10-26,09:05:00,Going Straight Ahead
544,4471456,2021-10-27,09:25:00,Going Straight Ahead
545,4473007,2021-10-27,20:37:00,Changing Lanes
546,4472457,2021-10-28,21:00:00,Making U Turn
547,4471813,2021-10-28,10:57:00,Other*
548,4472187,2021-10-29,21:18:00,Going Straight Ahead
549,4472450,2021-10-30,03:35:00,Going Straight Ahead
550,4472372,2021-10-30,06:35:00,Slowing or Stopping
551,4472221,2021-10-30,04:40:00,Going Straight Ahead
552,4472661,2021-10-31,08:15:00,Going Straight Ahead
553,4473687,2021-10-31,15:20:00,Making U Turn
554,4474107,2021-10-31,05:33:00,Entering Parked Position
555,4473760,2021-11-01,16:08:00,Going Straight Ahead
556,4476377,2021-11-01,12:20:00,Going Straight Ahead
557,4473891,2021-11-02,02:25:00,Going Straight Ahead
558,4473382,2021-11-02,09:25:00,Going Straight Ahead
559,4473831,2021-11-03,15:20:00,Going Straight Ahead
560,4474918,2021-11-04,06:20:00,Going Straight Ahead
561,4475066,2021-11-04,00:00:00,Going Straight Ahead
562,4474687,2021-11-05,15:50:00,Making Right Turn
563,4475618,2021-11-06,02:47:00,Going Straight Ahead
564,4478888,2021-11-06,06:30:00,Going Straight Ahead
565,4474948,2021-11-07,13:50:00,Going Straight Ahead
566,4474700,2021-11-07,01:00:00,Going Straight Ahead
567,4475556,2021-11-08,15:00:00,Making Right Turn
568,4475179,2021-11-08,00:05:00,Going Straight Ahead
569,4475895,2021-11-09,17:00:00,Going Straight Ahead
570,4476100,2021-11-10,21:15:00,Going Straight Ahead
571,4476668,2021-11-10,16:30:00,Parked
572,4476381,2021-11-11,06:45:00,Going Straight Ahead
573,4476587,2021-11-11,21:18:00,Going Straight Ahead
574,4476908,2021-11-12,10:16:00,Going Straight Ahead
575,4476621,2021-11-12,07:20:00,Going Straight Ahead
576,4477344,2021-11-13,02:00:00,Going Straight Ahead
577,4480296,2021-11-13,23:01:00,Going Straight Ahead
578,4477371,2021-11-14,23:15:00,Making Left Turn
579,4478520,2021-11-14,00:50:00,Parked
580,4477737,2021-11-15,22:28:00,Merging
581,4479554,2021-11-15,22:10:00,Going Straight Ahead
582,4477892,2021-11-15,23:15:00,Changing Lanes
583,4477920,2021-11-16,09:00:00,Going Straight Ahead
584,4478011,2021-11-16,07:47:00,Making Left Turn
585,4478523,2021-11-17,06:30:00,Making Right Turn
586,4478809,2021-11-18,07:20:00,Going Straight Ahead
587,4480176,2021-11-18,13:25:00,Going Straight Ahead
588,4479145,2021-11-19,21:33:00,Going Straight Ahead
589,4479267,2021-11-20,05:17:00,Going Straight Ahead
590,4480021,2021-11-20,18:21:00,Going Straight Ahead
591,4479808,2021-11-20,04:05:00,Going Straight Ahead
592,4479732,2021-11-21,14:30:00,Starting from Parking
593,4480166,2021-11-22,07:30:00,Going Straight Ahead
594,4479932,2021-11-22,10:00:00,Going Straight Ahead
595,4480395,2021-11-23,10:30:00,Going Straight Ahead
596,4481290,2021-11-23,13:15:00,Stopped in Traffic
597,4481167,2021-11-24,15:07:00,Going Straight Ahead
598,4481725,2021-11-24,11:38:00,Going Straight Ahead
599,4482377,2021-11-25,09:16:00,Going Straight Ahead
600,4481507,2021-11-25,18:16:00,Making Left Turn
601,4481135,2021-11-26,19:10:00,Going Straight Ahead
602,4481972,2021-11-27,03:45:00,Going Straight Ahead
603,4482438,2021-11-27,15:00:00,Going Straight Ahead
604,4481526,2021-11-28,09:07:00,Going Straight Ahead
605,4481675,2021-11-28,14:06:00,Going Straight Ahead
606,4481938,2021-11-29,09:00:00,Making Left Turn
607,4482453,2021-11-30,06:30:00,Changing Lanes
608,4482264,2021-11-30,05:39:00,Going Straight Ahead
609,4483245,2021-12-02,21:55:00,Merging
610,4483291,2021-12-02,17:10:00,Going Straight Ahead
611,4483414,2021-12-03,09:00:00,Changing Lanes
612,4483065,2021-12-03,02:00:00,Going Straight Ahead
613,4483404,2021-12-04,17:40:00,Going Straight Ahead
