CREATE DATABASE  IF NOT EXISTS `accidents_table` /*!40100 DEFAULT CHARACTER SET utf8mb3 */ /*!80016 DEFAULT ENCRYPTION='N' */;
USE `accidents_table`;
-- MySQL dump 10.13  Distrib 8.0.34, for Win64 (x86_64)
--
-- Host: localhost    Database: accidents_table
-- ------------------------------------------------------
-- Server version	8.0.34

/*!40101 SET @OLD_CHARACTER_SET_CLIENT=@@CHARACTER_SET_CLIENT */;
/*!40101 SET @OLD_CHARACTER_SET_RESULTS=@@CHARACTER_SET_RESULTS */;
/*!40101 SET @OLD_COLLATION_CONNECTION=@@COLLATION_CONNECTION */;
/*!50503 SET NAMES utf8 */;
/*!40103 SET @OLD_TIME_ZONE=@@TIME_ZONE */;
/*!40103 SET TIME_ZONE='+00:00' */;
/*!40014 SET @OLD_UNIQUE_CHECKS=@@UNIQUE_CHECKS, UNIQUE_CHECKS=0 */;
/*!40014 SET @OLD_FOREIGN_KEY_CHECKS=@@FOREIGN_KEY_CHECKS, FOREIGN_KEY_CHECKS=0 */;
/*!40101 SET @OLD_SQL_MODE=@@SQL_MODE, SQL_MODE='NO_AUTO_VALUE_ON_ZERO' */;
/*!40111 SET @OLD_SQL_NOTES=@@SQL_NOTES, SQL_NOTES=0 */;

--
-- Table structure for table `accidents_table`
--

DROP TABLE IF EXISTS `accidents_table`;
/*!40101 SET @saved_cs_client     = @@character_set_client */;
/*!50503 SET character_set_client = utf8mb4 */;
CREATE TABLE `accidents_table` (
  `Collision_ID (PK)` int NOT NULL,
  `Accident_Identifier` varchar(45) NOT NULL,
  `Crash_Date` date NOT NULL,
  `Pre_Crash` varchar(45) NOT NULL,
  `Crash_Time` time NOT NULL,
  PRIMARY KEY (`Collision_ID (PK)`)
) ENGINE=InnoDB DEFAULT CHARSET=utf8mb3;
/*!40101 SET character_set_client = @saved_cs_client */;

--
-- Dumping data for table `accidents_table`
--

LOCK TABLES `accidents_table` WRITE;
/*!40000 ALTER TABLE `accidents_table` DISABLE KEYS */;
INSERT INTO `accidents_table` VALUES (1,'4380859','2021-01-01','Going Straight Ahead','16:25:00'),(2,'4381324','2021-01-01','Going Straight Ahead','02:58:00'),(3,'4380871','2021-01-01','Going Straight Ahead','23:35:00'),(4,'4381072','2021-01-02','Going Straight Ahead','19:18:00'),(5,'4381396','2021-01-03','Going Straight Ahead','00:20:00'),(6,'4381252','2021-01-03','Going Straight Ahead','12:00:00'),(7,'4381812','2021-01-04','Going Straight Ahead','08:00:00'),(8,'4381618','2021-01-04','Stopped in Traffic','11:30:00'),(9,'4381828','2021-01-04','Going Straight Ahead','20:31:00'),(10,'4381730','2021-01-05','Going Straight Ahead','13:27:00'),(11,'4383778','2021-01-06','Passing','08:03:00'),(12,'4382025','2021-01-06','Slowing or Stopping','17:20:00'),(13,'4382882','2021-01-07','Making Left Turn','19:48:00'),(14,'4382494','2021-01-07','Slowing or Stopping','11:33:00'),(15,'4382554','2021-01-08','Going Straight Ahead','11:40:00'),(16,'4382585','2021-01-08','Going Straight Ahead','16:16:00'),(17,'4382900','2021-01-09','Going Straight Ahead','18:40:00'),(18,'4382795','2021-01-09','Going Straight Ahead','14:32:00'),(19,'4382916','2021-01-10','Making U Turn','22:45:00'),(20,'4383511','2021-01-11','Going Straight Ahead','05:20:00'),(21,'4383205','2021-01-11','Going Straight Ahead','12:00:00'),(22,'4383624','2021-01-12','Slowing or Stopping','21:15:00'),(23,'4383578','2021-01-13','Going Straight Ahead','06:49:00'),(24,'4383879','2021-01-14','Merging','08:05:00'),(25,'4386536','2021-01-15','Going Straight Ahead','23:30:00'),(26,'4384252','2021-01-16','Going Straight Ahead','07:17:00'),(27,'4384365','2021-01-16','Going Straight Ahead','22:10:00'),(28,'4384573','2021-01-17','Going Straight Ahead','11:22:00'),(29,'4385688','2021-01-18','Going Straight Ahead','14:50:00'),(30,'4390514','2021-01-18','Going Straight Ahead','20:05:00'),(31,'4385229','2021-01-19','Changing Lanes','00:15:00'),(32,'4385393','2021-01-20','Going Straight Ahead','11:00:00'),(33,'4385544','2021-01-21','Stopped in Traffic','06:07:00'),(34,'4385927','2021-01-21','Slowing or Stopping','13:25:00'),(35,'4385874','2021-01-22','Changing Lanes','11:25:00'),(36,'4385962','2021-01-22','Making Left Turn','19:50:00'),(37,'4386232','2021-01-23','Changing Lanes','12:45:00'),(38,'4386102','2021-01-23','Changing Lanes','15:50:00'),(39,'4386721','2021-01-24','Slowing or Stopping','12:15:00'),(40,'4386778','2021-01-25','Going Straight Ahead','15:00:00'),(41,'4390874','2021-01-25','Going Straight Ahead','18:44:00'),(42,'4387073','2021-01-26','Avoiding Object in Roadway','16:19:00'),(43,'4387248','2021-01-27','Going Straight Ahead','19:49:00'),(44,'4387460','2021-01-27','Going Straight Ahead','20:15:00'),(45,'4387605','2021-01-28','Making Left Turn','15:00:00'),(46,'4387920','2021-01-29','Making Right Turn','18:00:00'),(47,'4389153','2021-01-30','Going Straight Ahead','21:52:00'),(48,'4387948','2021-01-30','Merging','23:10:00'),(49,'4388073','2021-01-30','Going Straight Ahead','09:00:00'),(50,'4388141','2021-01-31','Making Right Turn','14:00:00'),(51,'4388422','2021-01-31','Making Left Turn','15:15:00'),(52,'4389525','2021-02-01','Going Straight Ahead','00:00:00'),(53,'4388638','2021-02-02','Going Straight Ahead','07:59:00'),(54,'4389267','2021-02-03','Going Straight Ahead','10:37:00'),(55,'4389250','2021-02-04','Changing Lanes','14:15:00'),(56,'4389407','2021-02-04','Going Straight Ahead','12:40:00'),(57,'4389366','2021-02-05','Going Straight Ahead','02:58:00'),(58,'4389752','2021-02-06','Changing Lanes','20:50:00'),(59,'4389839','2021-02-07','Going Straight Ahead','00:45:00'),(60,'4389959','2021-02-07','Going Straight Ahead','19:32:00'),(61,'4390461','2021-02-08','Going Straight Ahead','19:00:00'),(62,'4390715','2021-02-08','Going Straight Ahead','06:43:00'),(63,'4390560','2021-02-09','Going Straight Ahead','07:50:00'),(64,'4390551','2021-02-09','Going Straight Ahead','05:20:00'),(65,'4391185','2021-02-11','Backing','13:33:00'),(66,'4391075','2021-02-11','Going Straight Ahead','05:42:00'),(67,'4392723','2021-02-12','Making Left Turn','18:30:00'),(68,'4391289','2021-02-12','Making Right Turn','03:14:00'),(69,'4391566','2021-02-13','Making Right Turn','15:21:00'),(70,'4391693','2021-02-14','Going Straight Ahead','13:00:00'),(71,'4392376','2021-02-15','Going Straight Ahead','11:20:00'),(72,'4392486','2021-02-16','Going Straight Ahead','17:10:00'),(73,'4393138','2021-02-16','Making Right Turn','15:00:00'),(74,'4392479','2021-02-17','Parked','09:45:00'),(75,'4393010','2021-02-18','Going Straight Ahead','12:20:00'),(76,'4392973','2021-02-18','Starting from Parking','23:30:00'),(77,'4393051','2021-02-18','Going Straight Ahead','07:00:00'),(78,'4393149','2021-02-19','Going Straight Ahead','22:45:00'),(79,'4393148','2021-02-19','Going Straight Ahead','15:50:00'),(80,'4395432','2021-02-20','Going Straight Ahead','17:05:00'),(81,'4393654','2021-02-20','Going Straight Ahead','13:30:00'),(82,'4393481','2021-02-21','Going Straight Ahead','16:33:00'),(83,'4393742','2021-02-22','Going Straight Ahead','12:20:00'),(84,'4394277','2021-02-23','Other*','20:43:00'),(85,'4394277','2021-02-23','Going Straight Ahead','20:43:00'),(86,'4394246','2021-02-24','Going Straight Ahead','10:50:00'),(87,'4394296','2021-02-24','Going Straight Ahead','14:30:00'),(88,'4394817','2021-02-25','Making Left Turn','23:00:00'),(89,'4394760','2021-02-26','Going Straight Ahead','09:03:00'),(90,'4396891','2021-02-26','Going Straight Ahead','22:24:00'),(91,'4395059','2021-02-27','Making Left Turn','21:45:00'),(92,'4395427','2021-02-28','Going Straight Ahead','13:00:00'),(93,'4395509','2021-03-01','Changing Lanes','13:00:00'),(94,'4395498','2021-03-01','Making Left Turn','19:34:00'),(95,'4395894','2021-03-02','Going Straight Ahead','20:12:00'),(96,'4397469','2021-03-03','Going Straight Ahead','16:30:00'),(97,'4396380','2021-03-04','Going Straight Ahead','14:30:00'),(98,'4396380','2021-03-04','Making Left Turn','14:30:00'),(99,'4397155','2021-03-05','Going Straight Ahead','22:00:00'),(100,'4396418','2021-03-05','Going Straight Ahead','08:00:00'),(101,'4396757','2021-03-06','Making Left Turn','05:13:00'),(102,'4396674','2021-03-06','Going Straight Ahead','11:00:00'),(103,'4397166','2021-03-07','Going Straight Ahead','02:30:00'),(104,'4397199','2021-03-07','Going Straight Ahead','23:20:00'),(105,'4398230','2021-03-08','Merging','11:50:00'),(106,'4397530','2021-03-09','Going Straight Ahead','13:30:00'),(107,'4397662','2021-03-09','Going Straight Ahead','05:10:00'),(108,'4397379','2021-03-09','Going Straight Ahead','01:15:00'),(109,'4397905','2021-03-10','Making U Turn','20:42:00'),(110,'4398110','2021-03-11','Going Straight Ahead','10:52:00'),(111,'4398276','2021-03-12','Going Straight Ahead','00:00:00'),(112,'4398542','2021-03-12','Changing Lanes','22:20:00'),(113,'4398859','2021-03-13','Backing','12:15:00'),(114,'4399055','2021-03-13','Making Right Turn','18:15:00'),(115,'4399339','2021-03-14','Going Straight Ahead','03:18:00'),(116,'4399221','2021-03-15','Going Straight Ahead','22:20:00'),(117,'4399329','2021-03-16','Going Straight Ahead','03:39:00'),(118,'4399837','2021-03-17','Going Straight Ahead','01:25:00'),(119,'4399841','2021-03-18','Going Straight Ahead','05:30:00'),(120,'4400151','2021-03-18','Going Straight Ahead','17:28:00'),(121,'4400377','2021-03-19','Going Straight Ahead','16:00:00'),(122,'4400283','2021-03-20','Going Straight Ahead','17:25:00'),(123,'4401040','2021-03-21','Backing','00:30:00'),(124,'4400856','2021-03-21','Going Straight Ahead','23:47:00'),(125,'4401125','2021-03-22','Merging','13:00:00'),(126,'4401374','2021-03-23','Going Straight Ahead','11:30:00'),(127,'4401676','2021-03-23','Going Straight Ahead','23:15:00'),(128,'4402243','2021-03-24','Starting from Parking','12:57:00'),(129,'4401684','2021-03-24','Other*','21:44:00'),(130,'4402382','2021-03-25','Going Straight Ahead','21:00:00'),(131,'4403853','2021-03-25','Going Straight Ahead','09:55:00'),(132,'4402754','2021-03-26','Going Straight Ahead','13:30:00'),(133,'4401838','2021-03-26','Going Straight Ahead','00:39:00'),(134,'4401998','2021-03-26','Slowing or Stopping','20:38:00'),(135,'4402578','2021-03-27','Going Straight Ahead','18:30:00'),(136,'4402972','2021-03-27','Entering Parked Position','11:40:00'),(137,'4403817','2021-03-28','Going Straight Ahead','13:30:00'),(138,'4403216','2021-03-29','Making Right Turn','15:40:00'),(139,'4404719','2021-03-29','Going Straight Ahead','20:34:00'),(140,'4403038','2021-03-30','Going Straight Ahead','03:55:00'),(141,'4403213','2021-03-30','Going Straight Ahead','16:00:00'),(142,'4403431','2021-03-31','Merging','23:50:00'),(143,'4403332','2021-03-31','Slowing or Stopping','13:06:00'),(144,'4403480','2021-03-31','Going Straight Ahead','17:11:00'),(145,'4403951','2021-04-01','Making Left Turn','22:00:00'),(146,'4404520','2021-04-02','Going Straight Ahead','15:50:00'),(147,'4403927','2021-04-02','Changing Lanes','20:16:00'),(148,'4404778','2021-04-03','Going Straight Ahead','15:04:00'),(149,'4404783','2021-04-03','Going Straight Ahead','16:10:00'),(150,'4404528','2021-04-04','Going Straight Ahead','23:50:00'),(151,'4404358','2021-04-04','Going Straight Ahead','19:33:00'),(152,'4404564','2021-04-04','Going Straight Ahead','01:45:00'),(153,'4404798','2021-04-05','Slowing or Stopping','20:30:00'),(154,'4404798','2021-04-05','Going Straight Ahead','20:30:00'),(155,'4405037','2021-04-06','Going Straight Ahead','15:10:00'),(156,'4408391','2021-04-06','Going Straight Ahead','08:50:00'),(157,'4405244','2021-04-06','Going Straight Ahead','22:58:00'),(158,'4407217','2021-04-07','Going Straight Ahead','10:56:00'),(159,'4405698','2021-04-08','Going Straight Ahead','22:20:00'),(160,'4406508','2021-04-08','Going Straight Ahead','15:53:00'),(161,'4406632','2021-04-09','Merging','20:24:00'),(162,'4406593','2021-04-10','Going Straight Ahead','16:00:00'),(163,'4406330','2021-04-10','Going Straight Ahead','13:27:00'),(164,'4406341','2021-04-10','Going Straight Ahead','19:30:00'),(165,'4406129','2021-04-11','Going Straight Ahead','02:45:00'),(166,'4406554','2021-04-12','Going Straight Ahead','02:20:00'),(167,'4406873','2021-04-13','Going Straight Ahead','08:05:00'),(168,'4407548','2021-04-14','Going Straight Ahead','10:40:00'),(169,'4407829','2021-04-15','Going Straight Ahead','12:26:00'),(170,'4408166','2021-04-16','Going Straight Ahead','16:12:00'),(171,'4407998','2021-04-16','Going Straight Ahead','09:35:00'),(172,'4408070','2021-04-16','Making Left Turn','17:16:00'),(173,'4410149','2021-04-17','Going Straight Ahead','04:30:00'),(174,'4408352','2021-04-17','Going Straight Ahead','23:50:00'),(175,'4408676','2021-04-18','Making Left Turn','21:34:00'),(176,'4408476','2021-04-18','Going Straight Ahead','00:08:00'),(177,'4408770','2021-04-19','Going Straight Ahead','08:55:00'),(178,'4409549','2021-04-20','Going Straight Ahead','21:25:00'),(179,'4409224','2021-04-20','Going Straight Ahead','22:30:00'),(180,'4409464','2021-04-21','Going Straight Ahead','05:50:00'),(181,'4409964','2021-04-21','Merging','07:25:00'),(182,'4409632','2021-04-22','Going Straight Ahead','17:19:00'),(183,'4409796','2021-04-23','Avoiding Object in Roadway','12:24:00'),(184,'4409824','2021-04-23','Going Straight Ahead','07:41:00'),(185,'4410695','2021-04-24','Going Straight Ahead','12:04:00'),(186,'4410088','2021-04-25','Going Straight Ahead','05:25:00'),(187,'4410436','2021-04-25','Other*','23:40:00'),(188,'4410539','2021-04-25','Going Straight Ahead','03:01:00'),(189,'4411607','2021-04-26','Going Straight Ahead','01:08:00'),(190,'4411143','2021-04-27','Going Straight Ahead','09:49:00'),(191,'4411168','2021-04-27','Going Straight Ahead','15:35:00'),(192,'4415354','2021-04-28','Backing','03:56:00'),(193,'4411508','2021-04-28','Going Straight Ahead','23:39:00'),(194,'4418898','2021-04-29','Going Straight Ahead','17:00:00'),(195,'4411527','2021-04-29','Going Straight Ahead','01:14:00'),(196,'4412357','2021-04-29','Going Straight Ahead','21:00:00'),(197,'4412108','2021-04-30','Going Straight Ahead','20:32:00'),(198,'4414422','2021-04-30','Going Straight Ahead','06:47:00'),(199,'4412147','2021-05-01','Going Straight Ahead','09:00:00'),(200,'4412757','2021-05-01','Going Straight Ahead','09:15:00'),(201,'4412502','2021-05-02','Going Straight Ahead','01:30:00'),(202,'4413692','2021-05-03','Making Right Turn','01:05:00'),(203,'4413606','2021-05-04','Going Straight Ahead','22:00:00'),(204,'4413219','2021-05-04','Going Straight Ahead','01:11:00'),(205,'4414988','2021-05-05','Going Straight Ahead','09:18:00'),(206,'4414012','2021-05-06','Going Straight Ahead','08:45:00'),(207,'4413988','2021-05-06','Going Straight Ahead','01:20:00'),(208,'4414677','2021-05-07','Going Straight Ahead','22:00:00'),(209,'4416160','2021-05-07','Going Straight Ahead','15:05:00'),(210,'4414321','2021-05-08','Going Straight Ahead','04:44:00'),(211,'4414745','2021-05-08','Slowing or Stopping','22:19:00'),(212,'4415557','2021-05-09','Going Straight Ahead','12:45:00'),(213,'4415104','2021-05-09','Going Straight Ahead','22:30:00'),(214,'4415310','2021-05-10','Changing Lanes','10:00:00'),(215,'4415149','2021-05-10','Going Straight Ahead','01:00:00'),(216,'4415495','2021-05-11','Going Straight Ahead','11:05:00'),(217,'4415821','2021-05-12','Going Straight Ahead','01:17:00'),(218,'4417455','2021-05-12','Changing Lanes','15:18:00'),(219,'4416136','2021-05-13','Going Straight Ahead','07:20:00'),(220,'4416958','2021-05-14','Making Left Turn','15:46:00'),(221,'4458377','2021-05-14','Slowing or Stopping','13:17:00'),(222,'4417422','2021-05-14','Passing','12:30:00'),(223,'4417073','2021-05-15','Changing Lanes','13:10:00'),(224,'4417200','2021-05-15','Going Straight Ahead','14:20:00'),(225,'4416681','2021-05-15','Going Straight Ahead','14:10:00'),(226,'4418218','2021-05-16','Making Left Turn','12:40:00'),(227,'4416731','2021-05-16','Going Straight Ahead','04:05:00'),(228,'4420322','2021-05-17','Going Straight Ahead','00:00:00'),(229,'4419356','2021-05-17','Going Straight Ahead','00:09:00'),(230,'4417140','2021-05-17','Going Straight Ahead','00:00:00'),(231,'4417888','2021-05-18','Going Straight Ahead','15:30:00'),(232,'4417826','2021-05-18','Making Left Turn','12:10:00'),(233,'4417918','2021-05-18','Going Straight Ahead','02:58:00'),(234,'4418295','2021-05-19','Going Straight Ahead','15:30:00'),(235,'4418910','2021-05-19','Making Left Turn','17:20:00'),(236,'4419150','2021-05-20','Making Left Turn','19:50:00'),(237,'4419474','2021-05-20','Merging','09:06:00'),(238,'4419449','2021-05-21','Making U Turn','21:09:00'),(239,'4419079','2021-05-21','Entering Parked Position','00:00:00'),(240,'4419085','2021-05-22','Going Straight Ahead','23:10:00'),(241,'4420148','2021-05-22','Going Straight Ahead','14:53:00'),(242,'4419844','2021-05-23','Making Right Turn','12:20:00'),(243,'4419092','2021-05-23','Slowing or Stopping','02:12:00'),(244,'4420304','2021-05-24','Going Straight Ahead','08:15:00'),(245,'4420197','2021-05-24','Making U Turn','20:30:00'),(246,'4420395','2021-05-25','Going Straight Ahead','15:00:00'),(247,'4420468','2021-05-26','Merging','00:50:00'),(248,'4420934','2021-05-27','Going Straight Ahead','00:14:00'),(249,'4421218','2021-05-27','Slowing or Stopping','09:14:00'),(250,'4421210','2021-05-27','Going Straight Ahead','14:50:00'),(251,'4421438','2021-05-28','Going Straight Ahead','03:53:00'),(252,'4421668','2021-05-28','Going Straight Ahead','01:09:00'),(253,'4421912','2021-05-29','Going Straight Ahead','06:30:00'),(254,'4421601','2021-05-29','Going Straight Ahead','22:55:00'),(255,'4421805','2021-05-30','Merging','13:50:00'),(256,'4422020','2021-05-30','Going Straight Ahead','05:39:00'),(257,'4423202','2021-05-31','Going Straight Ahead','12:44:00'),(258,'4423906','2021-05-31','Making Left Turn','09:31:00'),(259,'4422746','2021-06-01','Making Right Turn','20:40:00'),(260,'4422495','2021-06-01','Going Straight Ahead','01:22:00'),(261,'4424461','2021-06-01','Going Straight Ahead','08:30:00'),(262,'4422948','2021-06-02','Backing','12:25:00'),(263,'4423436','2021-06-03','Going Straight Ahead','09:34:00'),(264,'4424269','2021-06-03','Going Straight Ahead','16:03:00'),(265,'4423548','2021-06-04','Going Straight Ahead','14:48:00'),(266,'4424002','2021-06-04','Going Straight Ahead','20:23:00'),(267,'4423831','2021-06-05','Going Straight Ahead','17:35:00'),(268,'4424112','2021-06-05','Going Straight Ahead','19:35:00'),(269,'4431847','2021-06-06','Going Straight Ahead','14:30:00'),(270,'4425260','2021-06-06','Going Straight Ahead','08:50:00'),(271,'4424000','2021-06-06','Going Straight Ahead','00:00:00'),(272,'4424789','2021-06-07','Going Straight Ahead','02:29:00'),(273,'4424687','2021-06-07','Going Straight Ahead','17:40:00'),(274,'4425025','2021-06-08','Going Straight Ahead','21:45:00'),(275,'4425398','2021-06-09','Going Straight Ahead','12:21:00'),(276,'4425349','2021-06-09','Slowing or Stopping','17:00:00'),(277,'4426256','2021-06-10','Going Straight Ahead','23:43:00'),(278,'4425648','2021-06-10','Going Straight Ahead','14:55:00'),(279,'4426462','2021-06-11','Going Straight Ahead','15:51:00'),(280,'4426602','2021-06-12','Entering Parked Position','16:00:00'),(281,'4426801','2021-06-12','Making Right Turn','21:35:00'),(282,'4426617','2021-06-13','Going Straight Ahead','08:59:00'),(283,'4426690','2021-06-13','Changing Lanes','23:01:00'),(284,'4428802','2021-06-14','Going Straight Ahead','16:00:00'),(285,'4427384','2021-06-14','Going Straight Ahead','22:10:00'),(286,'4427531','2021-06-15','Changing Lanes','13:54:00'),(287,'4427466','2021-06-15','Going Straight Ahead','08:35:00'),(288,'4428373','2021-06-16','Going Straight Ahead','08:40:00'),(289,'4427820','2021-06-16','Going Straight Ahead','12:13:00'),(290,'4427727','2021-06-16','Making Left Turn','09:10:00'),(291,'4428330','2021-06-17','Starting from Parking','13:10:00'),(292,'4428401','2021-06-17','Entering Parked Position','20:05:00'),(293,'4429077','2021-06-18','Going Straight Ahead','21:40:00'),(294,'4428663','2021-06-19','Making Right Turn','07:05:00'),(295,'4434572','2021-06-19','Going Straight Ahead','23:47:00'),(296,'4429264','2021-06-19','Going Straight Ahead','18:55:00'),(297,'4429281','2021-06-20','Going Straight Ahead','00:45:00'),(298,'4428794','2021-06-20','Going Straight Ahead','03:00:00'),(299,'4429851','2021-06-21','Going Straight Ahead','16:35:00'),(300,'4429934','2021-06-22','Going Straight Ahead','18:00:00'),(301,'4430106','2021-06-22','Going Straight Ahead','19:39:00'),(302,'4430727','2021-06-23','Going Straight Ahead','05:59:00'),(303,'4430327','2021-06-23','Starting from Parking','12:50:00'),(304,'4432907','2021-06-24','Going Straight Ahead','15:35:00'),(305,'4430548','2021-06-24','Backing','10:00:00'),(306,'4431093','2021-06-25','Slowing or Stopping','17:30:00'),(307,'4431470','2021-06-25','Going Straight Ahead','19:32:00'),(308,'4432536','2021-06-26','Going Straight Ahead','19:00:00'),(309,'4431891','2021-06-26','Going Straight Ahead','17:50:00'),(310,'4434597','2021-06-26','Going Straight Ahead','03:20:00'),(311,'4431620','2021-06-27','Going Straight Ahead','16:00:00'),(312,'4432270','2021-06-27','Going Straight Ahead','00:55:00'),(313,'4432963','2021-06-28','Making Right Turn','04:05:00'),(314,'4432207','2021-06-28','Making Left Turn','13:00:00'),(315,'4431928','2021-06-28','Making Left Turn','16:01:00'),(316,'4432779','2021-06-29','Going Straight Ahead','07:00:00'),(317,'4433445','2021-06-29','Going Straight Ahead','10:00:00'),(318,'4434313','2021-06-30','Going Straight Ahead','17:42:00'),(319,'4432801','2021-06-30','Going Straight Ahead','22:31:00'),(320,'4433405','2021-07-01','Stopped in Traffic','22:40:00'),(321,'4433303','2021-07-02','Going Straight Ahead','07:58:00'),(322,'4433923','2021-07-02','Changing Lanes','06:00:00'),(323,'4433822','2021-07-03','Making U Turn','22:23:00'),(324,'4433511','2021-07-03','Going Straight Ahead','11:28:00'),(325,'4445601','2021-07-04','Going Straight Ahead','17:52:00'),(326,'4433980','2021-07-04','Going Straight Ahead','16:30:00'),(327,'4436099','2021-07-05','Making Left Turn','08:30:00'),(328,'4436880','2021-07-05','Parked','17:05:00'),(329,'4434859','2021-07-06','Going Straight Ahead','17:40:00'),(330,'4434878','2021-07-07','Going Straight Ahead','03:10:00'),(331,'4435569','2021-07-07','Going Straight Ahead','16:10:00'),(332,'4456657','2021-07-08','Going Straight Ahead','02:56:00'),(333,'4456633','2021-07-08','Making Left Turn','22:57:00'),(334,'4435495','2021-07-09','Going Straight Ahead','16:00:00'),(335,'4436124','2021-07-09','Going Straight Ahead','16:17:00'),(336,'4437183','2021-07-09','Going Straight Ahead','05:00:00'),(337,'4435594','2021-07-10','Making Right Turn','22:20:00'),(338,'4435461','2021-07-10','Going Straight Ahead','04:26:00'),(339,'4436052','2021-07-11','Parked','21:26:00'),(340,'4435672','2021-07-11','Going Straight Ahead','02:00:00'),(341,'4436392','2021-07-12','Making Left Turn','14:35:00'),(342,'4436967','2021-07-13','Starting from Parking','15:10:00'),(343,'4437978','2021-07-14','Making Left Turn','19:50:00'),(344,'4437235','2021-07-14','Going Straight Ahead','01:55:00'),(345,'4437173','2021-07-15','Going Straight Ahead','12:19:00'),(346,'4437381','2021-07-15','Other*','06:18:00'),(347,'4438286','2021-07-16','Going Straight Ahead','20:15:00'),(348,'4438499','2021-07-16','Slowing or Stopping','15:03:00'),(349,'4438107','2021-07-17','Going Straight Ahead','06:24:00'),(350,'4437869','2021-07-17','Going Straight Ahead','16:23:00'),(351,'4440507','2021-07-17','Going Straight Ahead','07:25:00'),(352,'4439358','2021-07-17','Going Straight Ahead','00:59:00'),(353,'4439269','2021-07-18','Making Right Turn','01:30:00'),(354,'4438178','2021-07-18','Going Straight Ahead','04:09:00'),(355,'4438251','2021-07-19','Going Straight Ahead','03:20:00'),(356,'4438645','2021-07-19','Going Straight Ahead','14:46:00'),(357,'4439711','2021-07-20','Going Straight Ahead','12:35:00'),(358,'4439424','2021-07-20','Stopped in Traffic','01:00:00'),(359,'4439341','2021-07-21','Going Straight Ahead','22:10:00'),(360,'4445750','2021-07-22','Making Left Turn','15:30:00'),(361,'4439826','2021-07-22','Going Straight Ahead','22:50:00'),(362,'4439836','2021-07-23','Going Straight Ahead','14:00:00'),(363,'4440465','2021-07-24','Going Straight Ahead','14:53:00'),(364,'4440151','2021-07-24','Going Straight Ahead','08:49:00'),(365,'4441067','2021-07-24','Going Straight Ahead','17:00:00'),(366,'4440318','2021-07-25','Making Left Turn','14:15:00'),(367,'4440508','2021-07-25','Going Straight Ahead','00:00:00'),(368,'4441060','2021-07-26','Going Straight Ahead','22:06:00'),(369,'4440924','2021-07-26','Going Straight Ahead','14:20:00'),(370,'4441102','2021-07-27','Going Straight Ahead','18:09:00'),(371,'4441190','2021-07-27','Making Right Turn','19:35:00'),(372,'4442109','2021-07-27','Slowing or Stopping','22:45:00'),(373,'4441246','2021-07-28','Merging','00:25:00'),(374,'4442429','2021-07-29','Making Left Turn','18:40:00'),(375,'4441537','2021-07-29','Going Straight Ahead','04:15:00'),(376,'4444297','2021-07-30','Going Straight Ahead','01:32:00'),(377,'4443360','2021-07-30','Backing','21:20:00'),(378,'4442148','2021-07-31','Changing Lanes','06:58:00'),(379,'4442506','2021-07-31','Stopped in Traffic','16:45:00'),(380,'4442725','2021-08-01','Making U Turn','20:58:00'),(381,'4444359','2021-08-02','Slowing or Stopping','18:03:00'),(382,'4443431','2021-08-02','Starting from Parking','15:50:00'),(383,'4443457','2021-08-03','Entering Parked Position','12:08:00'),(384,'4443467','2021-08-03','Backing','18:36:00'),(385,'4444106','2021-08-04','Going Straight Ahead','16:00:00'),(386,'4445277','2021-08-04','Going Straight Ahead','06:26:00'),(387,'4444900','2021-08-05','Going Straight Ahead','04:30:00'),(388,'4445055','2021-08-05','Going Straight Ahead','18:50:00'),(389,'4445230','2021-08-06','Making Left Turn','13:45:00'),(390,'4444611','2021-08-07','Passing','14:10:00'),(391,'4445612','2021-08-07','Going Straight Ahead','18:45:00'),(392,'4445092','2021-08-07','Passing','02:40:00'),(393,'4447480','2021-08-08','Going Straight Ahead','15:15:00'),(394,'4445222','2021-08-08','Making Left Turn','06:10:00'),(395,'4445787','2021-08-09','Going Straight Ahead','19:30:00'),(396,'4445434','2021-08-09','Going Straight Ahead','09:20:00'),(397,'4446401','2021-08-10','Slowing or Stopping','21:09:00'),(398,'4450360','2021-08-10','Making Left Turn','12:10:00'),(399,'4446189','2021-08-11','Changing Lanes','23:15:00'),(400,'4446426','2021-08-11','Slowing or Stopping','10:46:00'),(401,'4446471','2021-08-12','Going Straight Ahead','20:15:00'),(402,'4446571','2021-08-12','Going Straight Ahead','06:45:00'),(403,'4447148','2021-08-13','Making Left Turn','14:15:00'),(404,'4448143','2021-08-13','Going Straight Ahead','09:30:00'),(405,'4447281','2021-08-14','Going Straight Ahead','16:00:00'),(406,'4447103','2021-08-14','Starting in Traffic','20:46:00'),(407,'4447080','2021-08-15','Going Straight Ahead','04:43:00'),(408,'4447613','2021-08-15','Going Straight Ahead','03:59:00'),(409,'4447845','2021-08-16','Going Straight Ahead','08:45:00'),(410,'4447750','2021-08-17','Going Straight Ahead','01:10:00'),(411,'4448664','2021-08-17','Changing Lanes','17:00:00'),(412,'4448494','2021-08-17','Going Straight Ahead','08:45:00'),(413,'4448550','2021-08-18','Making Left Turn','08:41:00'),(414,'4448171','2021-08-18','Going Straight Ahead','00:18:00'),(415,'4449559','2021-08-19','Starting from Parking','09:10:00'),(416,'4449053','2021-08-20','Slowing or Stopping','11:46:00'),(417,'4448918','2021-08-20','Making Right Turn','20:10:00'),(418,'4448969','2021-08-21','Going Straight Ahead','02:55:00'),(419,'4450052','2021-08-21','Changing Lanes','14:00:00'),(420,'4449339','2021-08-22','Going Straight Ahead','13:45:00'),(421,'4449636','2021-08-22','Going Straight Ahead','10:39:00'),(422,'4450007','2021-08-23','Going Straight Ahead','17:00:00'),(423,'4450539','2021-08-24','Changing Lanes','06:26:00'),(424,'4450740','2021-08-25','Making Left Turn','13:27:00'),(425,'4450662','2021-08-25','Going Straight Ahead','19:31:00'),(426,'4450860','2021-08-26','Going Straight Ahead','06:00:00'),(427,'4450890','2021-08-26','Going Straight Ahead','19:55:00'),(428,'4451866','2021-08-27','Going Straight Ahead','03:15:00'),(429,'4451379','2021-08-27','Making Left Turn','17:31:00'),(430,'4451393','2021-08-28','Going Straight Ahead','20:10:00'),(431,'4452438','2021-08-28','Making Left Turn','03:47:00'),(432,'4451594','2021-08-29','Going Straight Ahead','11:42:00'),(433,'4452015','2021-08-29','Going Straight Ahead','03:04:00'),(434,'4451818','2021-08-29','Making Left Turn','15:06:00'),(435,'4452127','2021-08-30','Going Straight Ahead','09:45:00'),(436,'4453159','2021-08-31','Going Straight Ahead','18:56:00'),(437,'4452579','2021-08-31','Going Straight Ahead','21:30:00'),(438,'4452959','2021-09-01','Making Left Turn','19:55:00'),(439,'4453183','2021-09-01','Going Straight Ahead','09:30:00'),(440,'4453404','2021-09-02','Changing Lanes','13:13:00'),(441,'4453448','2021-09-02','Changing Lanes','18:00:00'),(442,'4453170','2021-09-02','Going Straight Ahead','16:04:00'),(443,'4453825','2021-09-03','Going Straight Ahead','05:30:00'),(444,'4453677','2021-09-03','Slowing or Stopping','07:30:00'),(445,'4453636','2021-09-04','Other*','02:33:00'),(446,'4453674','2021-09-04','Going Straight Ahead','05:55:00'),(447,'4453879','2021-09-04','Starting from Parking','08:30:00'),(448,'4453710','2021-09-05','Going Straight Ahead','00:40:00'),(449,'4454535','2021-09-06','Going Straight Ahead','13:01:00'),(450,'4456535','2021-09-06','Going Straight Ahead','10:30:00'),(451,'4455235','2021-09-07','Going Straight Ahead','21:47:00'),(452,'4455064','2021-09-07','Slowing or Stopping','17:30:00'),(453,'4455078','2021-09-08','Going Straight Ahead','19:35:00'),(454,'4455528','2021-09-08','Starting from Parking','08:30:00'),(455,'4455847','2021-09-09','Going Straight Ahead','22:31:00'),(456,'4455352','2021-09-09','Going Straight Ahead','11:32:00'),(457,'4456443','2021-09-10','Entering Parked Position','16:20:00'),(458,'4456117','2021-09-11','Going Straight Ahead','22:50:00'),(459,'4456313','2021-09-11','Going Straight Ahead','00:50:00'),(460,'4455970','2021-09-12','Going Straight Ahead','05:18:00'),(461,'4456093','2021-09-12','Going Straight Ahead','03:50:00'),(462,'4456888','2021-09-13','Making Right Turn','06:40:00'),(463,'4457119','2021-09-14','Going Straight Ahead','08:15:00'),(464,'4457545','2021-09-14','Making Left Turn','10:57:00'),(465,'4457799','2021-09-15','Going Straight Ahead','22:43:00'),(466,'4457547','2021-09-15','Going Straight Ahead','09:39:00'),(467,'4457970','2021-09-16','Going Straight Ahead','20:20:00'),(468,'4458455','2021-09-17','Going Straight Ahead','15:56:00'),(469,'4458331','2021-09-17','Going Straight Ahead','09:05:00'),(470,'4459067','2021-09-18','Going Straight Ahead','22:13:00'),(471,'4458899','2021-09-18','Going Straight Ahead','06:10:00'),(472,'4458695','2021-09-19','Going Straight Ahead','14:30:00'),(473,'4458633','2021-09-19','Going Straight Ahead','03:40:00'),(474,'4459110','2021-09-19','Making Left Turn','19:07:00'),(475,'4459508','2021-09-20','Changing Lanes','13:48:00'),(476,'4463304','2021-09-20','Backing','10:30:00'),(477,'4459605','2021-09-21','Making Left Turn','13:00:00'),(478,'4459558','2021-09-21','Going Straight Ahead','19:26:00'),(479,'4460188','2021-09-22','Changing Lanes','23:20:00'),(480,'4460107','2021-09-22','Going Straight Ahead','17:35:00'),(481,'4460424','2021-09-23','Going Straight Ahead','17:42:00'),(482,'4461121','2021-09-24','Going Straight Ahead','00:30:00'),(483,'4460578','2021-09-24','Going Straight Ahead','03:55:00'),(484,'4463254','2021-09-25','Making Left Turn','19:20:00'),(485,'4461263','2021-09-25','Going Straight Ahead','06:55:00'),(486,'4461720','2021-09-26','Going Straight Ahead','05:15:00'),(487,'4461454','2021-09-26','Going Straight Ahead','03:19:00'),(488,'4461897','2021-09-27','Entering Parked Position','11:26:00'),(489,'4461600','2021-09-27','Changing Lanes','00:15:00'),(490,'4461947','2021-09-28','Going Straight Ahead','02:17:00'),(491,'4462513','2021-09-28','Making Left Turn','12:15:00'),(492,'4463294','2021-09-29','Going Straight Ahead','23:10:00'),(493,'4462921','2021-09-30','Parked','18:10:00'),(494,'4462661','2021-09-30','Going Straight Ahead','14:47:00'),(495,'4463497','2021-10-01','Going Straight Ahead','21:29:00'),(496,'4464212','2021-10-01','Other*','19:10:00'),(497,'4463261','2021-10-02','Going Straight Ahead','05:13:00'),(498,'4463601','2021-10-03','Going Straight Ahead','21:12:00'),(499,'4464737','2021-10-03','Going Straight Ahead','12:00:00'),(500,'4465636','2021-10-04','Passing','22:34:00');
/*!40000 ALTER TABLE `accidents_table` ENABLE KEYS */;
UNLOCK TABLES;

--
-- Table structure for table `contributing_factors_table`
--

DROP TABLE IF EXISTS `contributing_factors_table`;
/*!40101 SET @saved_cs_client     = @@character_set_client */;
/*!50503 SET character_set_client = utf8mb4 */;
CREATE TABLE `contributing_factors_table` (
  `Factor_ID (PK)` int NOT NULL,
  `Contributing_Factor` varchar(80) NOT NULL,
  PRIMARY KEY (`Factor_ID (PK)`)
) ENGINE=InnoDB DEFAULT CHARSET=utf8mb3;
/*!40101 SET character_set_client = @saved_cs_client */;

--
-- Dumping data for table `contributing_factors_table`
--

LOCK TABLES `contributing_factors_table` WRITE;
/*!40000 ALTER TABLE `contributing_factors_table` DISABLE KEYS */;
INSERT INTO `contributing_factors_table` VALUES (1,'Unsafe Speed'),(2,'Reaction to Uninvolved Vehicle'),(3,'Following Too Closely'),(4,'Failure to Yield Right-of-Way'),(5,'Passing or Lane Usage Improper'),(6,'Pavement Defective'),(7,'Driver Inattention/Distraction'),(8,'Alcohol Involvement'),(9,'Traffic Control Disregarded'),(10,'Driver Inexperience'),(11,'Pavement Slippery'),(12,'Unsafe Lane Changing'),(13,'Outside Car Distraction'),(14,'Turning Improperly'),(15,'View Obstructed/Limited'),(16,'Traffic Control Device Improper/Non-Working'),(17,'Other Electronic Device'),(18,'Aggressive Driving/Road Rage'),(19,'Backing Unsafely'),(20,'Passing Too Closely'),(21,'Accelerator Defective'),(22,'Tire Failure/Inadequate'),(23,'Obstruction/Debris'),(24,'Passenger Distraction'),(25,'Animals Action'),(26,'Failure to Keep Right'),(27,'Brakes Defective'),(28,'Steering Failure'),(29,'Pedestrian/Bicyclist/Other Pedestrian Error/Confusion'),(30,'Glare'),(31,'Lost Consciousness'),(32,'Fatigued/Drowsy'),(33,'Fell Asleep'),(34,'Cell Phone (hand-Held)'),(35,'Drugs (illegal)'),(36,'Physical Disability'),(37,'Eating or Drinking'),(38,'Illnes');
/*!40000 ALTER TABLE `contributing_factors_table` ENABLE KEYS */;
UNLOCK TABLES;

--
-- Table structure for table `driver_table`
--

DROP TABLE IF EXISTS `driver_table`;
/*!40101 SET @saved_cs_client     = @@character_set_client */;
/*!50503 SET character_set_client = utf8mb4 */;
CREATE TABLE `driver_table` (
  `Driver_ID (PK)` varchar(45) NOT NULL,
  `Driver_Sex` varchar(1) NOT NULL,
  `Driver_Liscence_Status` varchar(45) NOT NULL,
  PRIMARY KEY (`Driver_ID (PK)`)
) ENGINE=InnoDB DEFAULT CHARSET=utf8mb3;
/*!40101 SET character_set_client = @saved_cs_client */;

--
-- Dumping data for table `driver_table`
--

LOCK TABLES `driver_table` WRITE;
/*!40000 ALTER TABLE `driver_table` DISABLE KEYS */;
INSERT INTO `driver_table` VALUES ('19822160','M','Licensed'),('19822168','M','Licensed'),('19823367','M','Licensed'),('19823710','F','Licensed'),('19823823','M','Licensed'),('19824108','M','Unlicensed'),('19824623','M','Licensed'),('19824740','F','Licensed'),('19824784','M','Licensed'),('19824916','F','Licensed'),('19825398','F','Licensed'),('19826718','F','Licensed'),('19826791','M','Licensed'),('19827173','M','Unlicensed'),('19827578','M','Licensed'),('19827618','M','Licensed'),('19827927','M','Licensed'),('19828533','M','Licensed'),('19828597','F','Licensed'),('19829158','M','Licensed'),('19829191','M','Licensed'),('19829569','M','Licensed'),('19829970','M','Licensed'),('19830592','M','Licensed'),('19831010','M','Licensed'),('19831247','F','Licensed'),('19832474','F','Licensed'),('19833036','M','Licensed'),('19833501','M','Licensed'),('19833613','M','Licensed'),('19834239','F','Licensed'),('19834279','M','Licensed'),('19834316','M','Licensed'),('19834805','F','Licensed'),('19835177','M','Licensed'),('19835894','M','Licensed'),('19836112','F','Licensed'),('19836498','M','Licensed'),('19836890','M','Licensed'),('19837163','F','Licensed'),('19837180','M','Permit'),('19837437','M','Licensed'),('19838222','M','Licensed'),('19838638','F','Licensed'),('19839386','F','Licensed'),('19839394','M','Licensed'),('19839421','M','Licensed'),('19840247','F','Licensed'),('19840607','M','Licensed'),('19841504','M','Licensed'),('19841865','M','Licensed'),('19841894','F','Licensed'),('19842034','M','Licensed'),('19842283','F','Unlicensed'),('19842305','M','Licensed'),('19843071','M','Licensed'),('19843542','M','Licensed'),('19843841','F','Licensed'),('19844396','M','Licensed'),('19844477','M','Licensed'),('19844570','M','Licensed'),('19844673','M','Licensed'),('19845025','F','Licensed'),('19845076','M','Licensed'),('19845687','M','Licensed'),('19845707','M','Licensed'),('19846164','M','Licensed'),('19848080','F','Licensed'),('19848437','F','Licensed'),('19848900','M','Licensed'),('19849041','F','Licensed'),('19849064','M','Licensed'),('19849554','M','Licensed'),('19850122','M','Licensed'),('19850184','M','Licensed'),('19850305','M','Licensed'),('19850564','M','Licensed'),('19850585','F','Licensed'),('19851322','F','Licensed'),('19851637','M','Licensed'),('19851745','M','Licensed'),('19852670','M','Licensed'),('19852671','M','Licensed'),('19852686','M','Licensed'),('19852960','M','Licensed'),('19853914','M','Licensed'),('19853923','M','Licensed'),('19855197','M','Licensed'),('19855529','M','Licensed'),('19855856','M','Licensed'),('19856091','M','Licensed'),('19856491','M','Licensed'),('19857797','F','Licensed'),('19857798','M','Unlicensed'),('19857904','F','Licensed'),('19858195','M','Licensed'),('19858264','M','Licensed'),('19858443','F','Licensed'),('19859058','M','Licensed'),('19859458','M','Licensed'),('19859500','F','Licensed'),('19859791','F','Licensed'),('19859824','F','Licensed'),('19860118','M','Licensed'),('19860250','M','Licensed'),('19860416','M','Licensed'),('19861071','M','Licensed'),('19861505','M','Licensed'),('19861873','M','Licensed'),('19861948','M','Licensed'),('19862239','M','Licensed'),('19862818','F','Licensed'),('19863967','M','Licensed'),('19864062','M','Licensed'),('19864181','M','Licensed'),('19864510','M','Licensed'),('19864739','M','Licensed'),('19865407','F','Licensed'),('19865539','M','Licensed'),('19866159','M','Licensed'),('19866483','M','Licensed'),('19867024','F','Licensed'),('19868044','M','Licensed'),('19870657','M','Licensed'),('19901963','M','Licensed'),('19928438','M','Licensed'),('19937735','F','Licensed'),('19942914','M','Licensed'),('19943152','M','Licensed'),('19943756','M','Licensed'),('19943776','M','Licensed'),('19944469','M','Unlicensed'),('19944793','F','Licensed'),('19944888','M','Licensed'),('19945032','F','Licensed'),('19945209','F','Licensed'),('19945264','F','Licensed'),('19945421','M','Licensed'),('19945458','M','Licensed'),('19945708','M','Licensed'),('19945730','F','Licensed'),('19946091','M','Unlicensed'),('19946494','M','Licensed'),('19946529','M','Licensed'),('19947519','F','Licensed'),('19947595','M','Licensed'),('19947665','M','Licensed'),('19948699','F','Licensed'),('19949873','F','Licensed'),('19950507','M','Licensed'),('19950753','M','Licensed'),('19950998','M','Licensed'),('19952198','M','Licensed'),('19952382','M','Licensed'),('19952784','M','Licensed'),('19952964','M','Licensed'),('19952968','F','Licensed'),('19953444','M','Licensed'),('19953670','M','Licensed'),('19953730','F','Licensed'),('19953809','M','Licensed'),('19954147','M','Unlicensed'),('19955588','M','Licensed'),('19955870','F','Licensed'),('19956115','M','Licensed'),('19956116','M','Licensed'),('19956124','M','Licensed'),('19956909','F','Licensed'),('19957349','M','Licensed'),('19957465','M','Licensed'),('19957560','F','Licensed'),('19958210','M','Licensed'),('19958273','M','Licensed'),('19958424','M','Licensed'),('19959389','F','Licensed'),('19959487','F','Licensed'),('19959927','M','Licensed'),('19960323','F','Licensed'),('19960331','M','Licensed'),('19960425','F','Unlicensed'),('19960893','M','Licensed'),('19961056','F','Licensed'),('19961258','M','Licensed'),('19961673','M','Licensed'),('19961719','F','Licensed'),('19962021','M','Licensed'),('19962308','F','Licensed'),('19962377','M','Licensed'),('19962519','M','Unlicensed'),('19962758','M','Licensed'),('19964082','M','Licensed'),('19964813','M','Licensed'),('19965308','F','Licensed'),('19965343','M','Licensed'),('19966470','M','Licensed'),('19966626','M','Licensed'),('19966780','F','Licensed'),('19967111','M','Licensed'),('19967234','M','Licensed'),('19967270','M','Licensed'),('19967656','M','Licensed'),('19967889','M','Licensed'),('19968508','M','Licensed'),('19969091','M','Licensed'),('19969604','M','Licensed'),('19970159','F','Licensed'),('19970308','M','Unlicensed'),('19970393','F','Licensed'),('19970960','F','Licensed'),('19971171','M','Licensed'),('19972424','M','Permit'),('19972712','M','Licensed'),('19972727','F','Licensed'),('19973021','F','Licensed'),('19973059','M','Licensed'),('19973180','M','Licensed'),('19973306','M','Licensed'),('19973432','M','Unlicensed'),('19974013','M','Licensed'),('19974043','F','Licensed'),('19974552','F','Licensed'),('19975706','M','Licensed'),('19975968','M','Licensed'),('19977768','F','Licensed'),('19977792','M','Licensed'),('19978198','M','Licensed'),('19978484','M','Licensed'),('19978711','M','Licensed'),('19978886','M','Licensed'),('19978947','M','Licensed'),('19979340','F','Licensed'),('19980237','M','Licensed'),('19980476','M','Licensed'),('19980485','M','Licensed'),('19981671','F','Permit'),('19981995','M','Licensed'),('19982131','F','Licensed'),('19982490','M','Licensed'),('19982628','M','Licensed'),('19982728','M','Licensed'),('19983153','F','Licensed'),('19983385','F','Licensed'),('19983398','F','Licensed'),('19983646','M','Licensed'),('19984121','M','Licensed'),('19984184','F','Licensed'),('19984537','F','Licensed'),('19986458','M','Licensed'),('19987523','M','Licensed'),('19987785','M','Licensed'),('19988301','F','Licensed'),('19988747','F','Licensed'),('19988894','F','Licensed'),('19989307','M','Licensed'),('19989312','M','Licensed'),('19989436','M','Licensed'),('19990068','M','Licensed'),('19990395','M','Licensed'),('19990486','M','Licensed'),('19990945','M','Licensed'),('19991035','M','Licensed'),('19991509','M','Licensed'),('19992932','M','Licensed'),('19993374','M','Licensed'),('19993434','F','Licensed'),('19994083','F','Licensed'),('19995033','M','Licensed'),('19995216','M','Licensed'),('19995303','M','Licensed'),('19995420','M','Licensed'),('19995562','M','Licensed'),('19995804','M','Licensed'),('19996579','M','Licensed'),('19996939','M','Licensed'),('19997362','M','Permit'),('19997581','M','Licensed'),('19997741','F','Licensed'),('19997843','M','Licensed'),('19997897','F','Licensed'),('19999669','F','Licensed'),('20000030','M','Licensed'),('20000401','M','Licensed'),('20000792','M','Licensed'),('20001061','F','Licensed'),('20001415','M','Licensed'),('20001421','M','Unlicensed'),('20001533','M','Licensed'),('20001753','M','Licensed'),('20002248','M','Permit'),('20002395','M','Licensed'),('20002448','M','Licensed'),('20002566','M','Licensed'),('20002713','M','Licensed'),('20002817','F','Licensed'),('20003371','M','Unlicensed'),('20003431','M','Licensed'),('20003491','M','Licensed'),('20003969','M','Licensed'),('20004309','M','Licensed'),('20004392','F','Licensed'),('20004519','M','Licensed'),('20004709','F','Licensed'),('20004834','M','Licensed'),('20004899','M','Licensed'),('20005569','M','Licensed'),('20005749','M','Licensed'),('20006232','F','Licensed'),('20006754','M','Permit'),('20008118','M','Licensed'),('20008339','M','Licensed'),('20008398','F','Licensed'),('20008688','M','Licensed'),('20008978','M','Licensed'),('20009062','M','Licensed'),('20009379','M','Licensed'),('20009462','M','Licensed'),('20009640','F','Licensed'),('20009860','M','Licensed'),('20010186','M','Licensed'),('20010193','F','Licensed'),('20010299','F','Licensed'),('20010942','F','Licensed'),('20011291','M','Licensed'),('20011615','M','Licensed'),('20012688','F','Licensed'),('20014424','F','Licensed'),('20014893','F','Licensed'),('20015451','F','Unlicensed'),('20015673','M','Licensed'),('20015713','M','Licensed'),('20015725','M','Licensed'),('20016980','M','Permit'),('20017164','F','Licensed'),('20017797','M','Permit'),('20017914','M','Licensed'),('20018024','F','Licensed'),('20019530','M','Licensed'),('20019571','M','Licensed'),('20019766','F','Licensed'),('20019846','F','Licensed'),('20020062','M','Licensed'),('20020949','F','Licensed'),('20022437','M','Licensed'),('20022743','M','Licensed'),('20022921','M','Licensed'),('20022992','F','Licensed'),('20023185','F','Licensed'),('20023657','M','Licensed'),('20023664','M','Licensed'),('20023728','M','Licensed'),('20023758','M','Licensed'),('20024591','M','Licensed'),('20024651','M','Licensed'),('20024877','M','Licensed'),('20024956','M','Licensed'),('20024983','M','Licensed'),('20025263','F','Licensed'),('20026149','M','Licensed'),('20026269','M','Licensed'),('20026310','F','Licensed'),('20026522','M','Licensed'),('20026725','M','Licensed'),('20026926','M','Permit'),('20027627','F','Licensed'),('20028929','M','Licensed'),('20029109','F','Licensed'),('20029475','M','Licensed'),('20029515','M','Licensed'),('20029563','F','Licensed'),('20031432','F','Licensed'),('20031614','M','Licensed'),('20031719','F','Licensed'),('20031785','M','Licensed'),('20033303','F','Licensed'),('20033463','M','Licensed'),('20033775','M','Licensed'),('20034209','F','Licensed'),('20034878','M','Licensed'),('20035346','F','Licensed'),('20035362','M','Licensed'),('20035478','M','Licensed'),('20035571','M','Licensed'),('20035651','F','Permit'),('20035770','M','Licensed'),('20036174','F','Licensed'),('20036284','F','Licensed'),('20036852','M','Unlicensed'),('20036874','M','Licensed'),('20037717','M','Licensed'),('20037948','M','Licensed'),('20037999','F','Licensed'),('20038354','F','Licensed'),('20038448','M','Licensed'),('20039508','F','Licensed'),('20039549','M','Unlicensed'),('20039867','M','Licensed'),('20040718','M','Licensed'),('20040988','M','Licensed'),('20041021','M','Permit'),('20041142','F','Licensed'),('20041327','F','Permit'),('20042077','M','Licensed'),('20042709','F','Licensed'),('20043157','M','Licensed'),('20043223','M','Licensed'),('20043264','M','Licensed'),('20043443','F','Licensed'),('20043611','M','Licensed'),('20044189','M','Licensed'),('20044877','M','Licensed'),('20045153','F','Licensed'),('20045352','M','Licensed'),('20046326','M','Licensed'),('20046339','F','Licensed'),('20046975','M','Licensed'),('20047351','F','Licensed'),('20047745','M','Permit'),('20048133','F','Licensed'),('20048289','M','Licensed'),('20049107','M','Licensed'),('20049181','M','Licensed'),('20049338','F','Licensed'),('20049422','M','Licensed'),('20049453','M','Licensed'),('20050437','M','Licensed'),('20051518','M','Licensed'),('20052238','M','Licensed'),('20052759','M','Licensed'),('20053055','F','Licensed'),('20053090','M','Licensed'),('20053545','M','Licensed'),('20053750','M','Unlicensed'),('20053786','M','Licensed'),('20053882','M','Licensed'),('20053934','M','Licensed'),('20054184','M','Unlicensed'),('20054231','M','Licensed'),('20054527','M','Licensed'),('20054817','M','Licensed'),('20055927','M','Licensed'),('20056724','M','Licensed'),('20057008','M','Licensed'),('20057455','M','Licensed'),('20057509','F','Licensed'),('20057642','M','Licensed'),('20058608','M','Licensed'),('20058762','M','Licensed'),('20059177','M','Licensed'),('20059338','F','Licensed'),('20059443','M','Licensed'),('20059833','M','Licensed'),('20060279','M','Licensed'),('20060571','M','Licensed'),('20060830','M','Licensed'),('20061055','M','Licensed'),('20061232','M','Licensed'),('20061358','M','Licensed'),('20061683','M','Licensed'),('20061705','F','Licensed'),('20061760','M','Licensed'),('20062466','M','Licensed'),('20063246','F','Licensed'),('20063537','M','Licensed'),('20063800','M','Licensed'),('20063962','M','Licensed'),('20065065','M','Licensed'),('20065087','F','Licensed'),('20065368','M','Licensed'),('20065619','M','Licensed'),('20065858','F','Permit'),('20066775','M','Permit'),('20066897','M','Licensed'),('20067516','M','Licensed'),('20067536','M','Licensed'),('20067609','F','Licensed'),('20069328','M','Licensed'),('20069358','M','Licensed'),('20069384','M','Licensed'),('20069818','M','Licensed'),('20069866','M','Unlicensed'),('20071255','M','Licensed'),('20071263','M','Licensed'),('20071679','F','Licensed'),('20072180','M','Licensed'),('20072732','F','Licensed'),('20073116','M','Licensed'),('20074237','F','Licensed'),('20074469','M','Licensed'),('20074759','F','Licensed'),('20075460','M','Licensed'),('20075577','F','Licensed'),('20075643','M','Licensed'),('20075792','M','Licensed'),('20076153','M','Licensed'),('20076836','M','Licensed'),('20077677','F','Licensed'),('20078886','M','Licensed'),('20080563','F','Licensed'),('20081206','M','Licensed'),('20103356','M','Licensed');
/*!40000 ALTER TABLE `driver_table` ENABLE KEYS */;
UNLOCK TABLES;

--
-- Table structure for table `factors_accidents_joint`
--

DROP TABLE IF EXISTS `factors_accidents_joint`;
/*!40101 SET @saved_cs_client     = @@character_set_client */;
/*!50503 SET character_set_client = utf8mb4 */;
CREATE TABLE `factors_accidents_joint` (
  `Factor_ID (PK)` int NOT NULL,
  `Collision_ID (PK)` int NOT NULL,
  PRIMARY KEY (`Factor_ID (PK)`,`Collision_ID (PK)`),
  KEY `fk_Contributing_Factors_Table_has_Accidents_Table_Contribut_idx` (`Factor_ID (PK)`),
  KEY `fk_Factors_Accidents_Joint_Accidents_Table1_idx` (`Collision_ID (PK)`),
  CONSTRAINT `fk_Contributing_Factors_Table_has_Accidents_Table_Contributin1` FOREIGN KEY (`Factor_ID (PK)`) REFERENCES `contributing_factors_table` (`Factor_ID (PK)`),
  CONSTRAINT `fk_Factors_Accidents_Joint_Accidents_Table1` FOREIGN KEY (`Collision_ID (PK)`) REFERENCES `accidents_table` (`Collision_ID (PK)`)
) ENGINE=InnoDB DEFAULT CHARSET=utf8mb3;
/*!40101 SET character_set_client = @saved_cs_client */;

--
-- Dumping data for table `factors_accidents_joint`
--

LOCK TABLES `factors_accidents_joint` WRITE;
/*!40000 ALTER TABLE `factors_accidents_joint` DISABLE KEYS */;
INSERT INTO `factors_accidents_joint` VALUES (1,1),(1,47),(1,83),(1,85),(1,106),(1,132),(1,155),(1,157),(1,168),(1,171),(1,176),(1,187),(1,198),(1,200),(1,207),(1,224),(1,233),(1,250),(1,272),(1,277),(1,281),(1,321),(1,324),(1,346),(1,394),(1,405),(1,408),(1,425),(1,431),(1,443),(1,445),(1,482),(1,483),(1,487),(1,489),(1,490),(2,2),(2,10),(2,24),(2,118),(2,165),(2,183),(2,185),(2,225),(2,251),(2,264),(2,298),(2,307),(2,340),(2,350),(2,358),(2,367),(2,410),(2,433),(2,437),(2,438),(2,491),(3,3),(3,4),(3,7),(3,8),(3,11),(3,12),(3,14),(3,15),(3,18),(3,21),(3,34),(3,38),(3,39),(3,40),(3,62),(3,80),(3,88),(3,93),(3,102),(3,107),(3,128),(3,130),(3,134),(3,138),(3,143),(3,145),(3,146),(3,151),(3,152),(3,153),(3,154),(3,160),(3,167),(3,169),(3,172),(3,173),(3,174),(3,175),(3,184),(3,195),(3,197),(3,199),(3,201),(3,202),(3,203),(3,206),(3,209),(3,211),(3,212),(3,220),(3,221),(3,222),(3,223),(3,231),(3,235),(3,237),(3,246),(3,249),(3,255),(3,261),(3,265),(3,266),(3,273),(3,274),(3,276),(3,288),(3,291),(3,296),(3,299),(3,304),(3,306),(3,309),(3,313),(3,316),(3,318),(3,334),(3,335),(3,337),(3,341),(3,342),(3,348),(3,352),(3,353),(3,356),(3,366),(3,370),(3,372),(3,381),(3,385),(3,389),(3,397),(3,398),(3,400),(3,402),(3,403),(3,416),(3,421),(3,423),(3,424),(3,429),(3,432),(3,449),(3,450),(3,452),(3,467),(3,469),(3,470),(3,474),(3,476),(3,485),(3,494),(3,498),(5,5),(5,112),(5,120),(5,144),(5,205),(5,218),(5,247),(5,257),(5,284),(5,287),(5,289),(5,290),(5,326),(5,373),(5,386),(5,441),(5,473),(5,499),(6,6),(6,164),(6,243),(6,260),(7,9),(7,17),(7,19),(7,22),(7,23),(7,25),(7,27),(7,28),(7,29),(7,30),(7,32),(7,33),(7,36),(7,41),(7,43),(7,44),(7,45),(7,48),(7,50),(7,55),(7,57),(7,60),(7,61),(7,67),(7,68),(7,72),(7,73),(7,74),(7,76),(7,81),(7,89),(7,90),(7,91),(7,94),(7,96),(7,98),(7,101),(7,110),(7,113),(7,114),(7,131),(7,133),(7,136),(7,140),(7,141),(7,142),(7,148),(7,156),(7,162),(7,163),(7,177),(7,178),(7,180),(7,182),(7,190),(7,191),(7,215),(7,216),(7,217),(7,219),(7,226),(7,229),(7,232),(7,234),(7,236),(7,240),(7,241),(7,244),(7,245),(7,254),(7,258),(7,263),(7,268),(7,270),(7,280),(7,283),(7,285),(7,286),(7,293),(7,301),(7,302),(7,310),(7,327),(7,332),(7,333),(7,344),(7,347),(7,357),(7,360),(7,361),(7,362),(7,364),(7,365),(7,369),(7,375),(7,379),(7,383),(7,384),(7,387),(7,390),(7,391),(7,393),(7,395),(7,396),(7,401),(7,404),(7,406),(7,409),(7,413),(7,414),(7,415),(7,418),(7,427),(7,430),(7,434),(7,435),(7,439),(7,442),(7,444),(7,447),(7,448),(7,451),(7,455),(7,456),(7,458),(7,460),(7,461),(7,462),(7,466),(7,471),(7,472),(7,475),(7,477),(7,478),(7,480),(7,486),(7,492),(7,493),(7,495),(7,500),(8,13),(8,78),(8,92),(8,104),(8,108),(8,115),(8,124),(8,127),(8,129),(8,139),(8,188),(8,193),(8,213),(8,248),(8,252),(8,295),(8,297),(8,308),(8,329),(8,330),(8,339),(8,392),(8,428),(8,436),(9,16),(9,49),(9,56),(9,59),(9,100),(9,196),(9,267),(9,331),(9,351),(9,464),(9,468),(10,20),(10,77),(10,95),(10,125),(10,239),(10,278),(10,319),(10,325),(10,349),(10,368),(10,412),(11,26),(11,52),(11,63),(11,69),(11,75),(11,79),(11,166),(11,186),(11,204),(11,253),(11,256),(11,294),(11,300),(11,317),(11,336),(11,465),(12,31),(12,35),(12,37),(12,58),(12,105),(12,147),(12,149),(12,161),(12,181),(12,303),(12,312),(12,322),(12,338),(12,378),(12,411),(12,419),(12,420),(12,440),(12,454),(12,479),(13,42),(13,117),(13,121),(13,315),(13,345),(13,496),(14,46),(14,109),(14,189),(14,242),(14,259),(14,323),(14,371),(14,374),(14,380),(15,51),(15,66),(15,71),(15,86),(15,208),(15,214),(15,238),(15,343),(15,463),(16,53),(17,54),(18,64),(18,99),(18,481),(19,65),(19,103),(19,377),(19,457),(19,488),(20,70),(20,87),(20,97),(20,111),(20,179),(20,363),(21,82),(21,192),(21,262),(22,84),(22,116),(22,122),(22,150),(22,320),(22,388),(22,497),(23,119),(23,135),(23,210),(23,314),(24,123),(24,328),(24,399),(24,484),(25,126),(26,137),(26,292),(27,158),(27,194),(27,275),(27,279),(27,354),(27,426),(27,453),(28,159),(28,170),(28,227),(28,417),(29,228),(29,230),(30,269),(30,422),(30,446),(31,271),(31,282),(31,305),(31,382),(32,311),(32,359),(33,355),(33,376),(33,459),(34,407);
/*!40000 ALTER TABLE `factors_accidents_joint` ENABLE KEYS */;
UNLOCK TABLES;

--
-- Table structure for table `public_accidents_joint`
--

DROP TABLE IF EXISTS `public_accidents_joint`;
/*!40101 SET @saved_cs_client     = @@character_set_client */;
/*!50503 SET character_set_client = utf8mb4 */;
CREATE TABLE `public_accidents_joint` (
  `Public_Property_Damage_ID (PK)` int NOT NULL AUTO_INCREMENT,
  `Collision_ID (PK)` int NOT NULL,
  PRIMARY KEY (`Public_Property_Damage_ID (PK)`,`Collision_ID (PK)`),
  KEY `fk_Public_Property_Damage_has_Accidents_Table_Public_Proper_idx` (`Public_Property_Damage_ID (PK)`),
  KEY `fk_Public_Accidents_Joint_Accidents_Table1_idx` (`Collision_ID (PK)`),
  CONSTRAINT `fk_Public_Accidents_Joint_Accidents_Table1` FOREIGN KEY (`Collision_ID (PK)`) REFERENCES `accidents_table` (`Collision_ID (PK)`),
  CONSTRAINT `fk_Public_Property_Damage_has_Accidents_Table_Public_Property1` FOREIGN KEY (`Public_Property_Damage_ID (PK)`) REFERENCES `public_property_damage` (`Public_Property_Damage_ID (PK)`)
) ENGINE=InnoDB AUTO_INCREMENT=4 DEFAULT CHARSET=utf8mb3;
/*!40101 SET character_set_client = @saved_cs_client */;

--
-- Dumping data for table `public_accidents_joint`
--

LOCK TABLES `public_accidents_joint` WRITE;
/*!40000 ALTER TABLE `public_accidents_joint` DISABLE KEYS */;
INSERT INTO `public_accidents_joint` VALUES (1,1),(1,3),(1,4),(1,5),(1,6),(1,7),(1,8),(1,9),(1,10),(1,11),(1,12),(1,13),(1,14),(1,15),(1,16),(1,17),(1,18),(1,19),(1,20),(1,21),(1,22),(1,24),(1,25),(1,26),(1,27),(1,28),(1,29),(1,30),(1,31),(1,32),(1,33),(1,34),(1,35),(1,36),(1,37),(1,38),(1,39),(1,41),(1,42),(1,43),(1,44),(1,45),(1,46),(1,47),(1,48),(1,49),(1,50),(1,51),(1,52),(1,53),(1,54),(1,55),(1,56),(1,57),(1,58),(1,59),(1,60),(1,61),(1,62),(1,63),(1,64),(1,65),(1,66),(1,67),(1,68),(1,69),(1,70),(1,71),(1,72),(1,73),(1,74),(1,75),(1,76),(1,77),(1,78),(1,79),(1,80),(1,81),(1,82),(1,83),(1,84),(1,85),(1,86),(1,87),(1,88),(1,89),(1,90),(1,91),(1,92),(1,93),(1,94),(1,95),(1,96),(1,97),(1,98),(1,99),(1,100),(1,101),(1,103),(1,104),(1,105),(1,106),(1,107),(1,108),(1,109),(1,110),(1,111),(1,112),(1,113),(1,114),(1,115),(1,116),(1,117),(1,119),(1,120),(1,121),(1,122),(1,123),(1,124),(1,125),(1,126),(1,127),(1,128),(1,129),(1,130),(1,131),(1,132),(1,133),(1,135),(1,137),(1,138),(1,139),(1,140),(1,141),(1,142),(1,143),(1,144),(1,145),(1,146),(1,147),(1,148),(1,149),(1,150),(1,151),(1,152),(1,153),(1,154),(1,155),(1,157),(1,158),(1,159),(1,160),(1,161),(1,162),(1,163),(1,164),(1,165),(1,166),(1,167),(1,168),(1,169),(1,170),(1,171),(1,172),(1,173),(1,174),(1,175),(1,177),(1,178),(1,179),(1,180),(1,181),(1,182),(1,183),(1,184),(1,185),(1,186),(1,187),(1,188),(1,189),(1,190),(1,191),(1,192),(1,193),(1,195),(1,196),(1,197),(1,199),(1,202),(1,203),(1,204),(1,205),(1,206),(1,207),(1,208),(1,209),(1,211),(1,212),(1,213),(1,214),(1,215),(1,216),(1,217),(1,218),(1,219),(1,220),(1,221),(1,222),(1,223),(1,224),(1,225),(1,226),(1,227),(1,228),(1,229),(1,230),(1,231),(1,232),(1,233),(1,234),(1,235),(1,236),(1,237),(1,238),(1,239),(1,240),(1,241),(1,242),(1,243),(1,244),(1,245),(1,246),(1,249),(1,251),(1,252),(1,253),(1,255),(1,256),(1,257),(1,258),(1,259),(1,260),(1,261),(1,262),(1,263),(1,265),(1,266),(1,267),(1,268),(1,270),(1,271),(1,273),(1,274),(1,275),(1,276),(1,277),(1,278),(1,279),(1,281),(1,282),(1,283),(1,284),(1,285),(1,286),(1,287),(1,288),(1,289),(1,290),(1,291),(1,292),(1,293),(1,294),(1,295),(1,296),(1,297),(1,298),(1,299),(1,300),(1,301),(1,302),(1,303),(1,304),(1,305),(1,306),(1,307),(1,308),(1,309),(1,310),(1,311),(1,313),(1,314),(1,315),(1,317),(1,318),(1,319),(1,320),(1,321),(1,322),(1,323),(1,324),(1,325),(1,326),(1,327),(1,328),(1,329),(1,331),(1,332),(1,335),(1,336),(1,337),(1,338),(1,340),(1,342),(1,344),(1,345),(1,346),(1,347),(1,349),(1,350),(1,351),(1,353),(1,354),(1,355),(1,356),(1,357),(1,358),(1,359),(1,360),(1,361),(1,362),(1,364),(1,365),(1,366),(1,367),(1,368),(1,369),(1,370),(1,371),(1,372),(1,373),(1,374),(1,375),(1,376),(1,377),(1,378),(1,379),(1,380),(1,381),(1,382),(1,383),(1,384),(1,386),(1,387),(1,388),(1,389),(1,390),(1,391),(1,392),(1,393),(1,394),(1,395),(1,396),(1,397),(1,398),(1,399),(1,400),(1,401),(1,402),(1,403),(1,404),(1,405),(1,406),(1,407),(1,408),(1,409),(1,410),(1,411),(1,412),(1,413),(1,415),(1,416),(1,417),(1,418),(1,419),(1,420),(1,421),(1,422),(1,423),(1,424),(1,425),(1,426),(1,427),(1,428),(1,429),(1,430),(1,431),(1,432),(1,433),(1,434),(1,435),(1,436),(1,437),(1,439),(1,440),(1,441),(1,442),(1,443),(1,445),(1,446),(1,447),(1,448),(1,449),(1,450),(1,451),(1,452),(1,453),(1,454),(1,455),(1,456),(1,457),(1,459),(1,460),(1,461),(1,462),(1,463),(1,464),(1,465),(1,466),(1,467),(1,468),(1,469),(1,470),(1,471),(1,473),(1,474),(1,476),(1,478),(1,479),(1,480),(1,482),(1,483),(1,484),(1,485),(1,486),(1,487),(1,489),(1,490),(1,492),(1,493),(1,494),(1,495),(1,496),(1,497),(1,498),(1,499),(1,500),(2,2),(2,23),(2,102),(2,136),(2,194),(2,200),(2,210),(2,248),(2,264),(2,280),(2,312),(2,330),(2,333),(2,334),(2,339),(2,343),(2,385),(2,414),(2,438),(2,472),(2,475),(2,481),(2,488),(2,491),(3,40),(3,118),(3,134),(3,156),(3,176),(3,198),(3,201),(3,247),(3,250),(3,254),(3,269),(3,272),(3,316),(3,341),(3,348),(3,352),(3,363),(3,444),(3,458),(3,477);
/*!40000 ALTER TABLE `public_accidents_joint` ENABLE KEYS */;
UNLOCK TABLES;

--
-- Table structure for table `public_property_damage`
--

DROP TABLE IF EXISTS `public_property_damage`;
/*!40101 SET @saved_cs_client     = @@character_set_client */;
/*!50503 SET character_set_client = utf8mb4 */;
CREATE TABLE `public_property_damage` (
  `Public_Property_Damage_ID (PK)` int NOT NULL AUTO_INCREMENT,
  `Public_Property_Damage` varchar(45) NOT NULL DEFAULT 'N/A',
  PRIMARY KEY (`Public_Property_Damage_ID (PK)`),
  UNIQUE KEY `Public_Property_Damage_ID (PK)_UNIQUE` (`Public_Property_Damage_ID (PK)`)
) ENGINE=InnoDB AUTO_INCREMENT=4 DEFAULT CHARSET=utf8mb3;
/*!40101 SET character_set_client = @saved_cs_client */;

--
-- Dumping data for table `public_property_damage`
--

LOCK TABLES `public_property_damage` WRITE;
/*!40000 ALTER TABLE `public_property_damage` DISABLE KEYS */;
INSERT INTO `public_property_damage` VALUES (1,'N'),(2,'Y'),(3,'Unspecified');
/*!40000 ALTER TABLE `public_property_damage` ENABLE KEYS */;
UNLOCK TABLES;

--
-- Table structure for table `vehicle_accidents_joint`
--

DROP TABLE IF EXISTS `vehicle_accidents_joint`;
/*!40101 SET @saved_cs_client     = @@character_set_client */;
/*!50503 SET character_set_client = utf8mb4 */;
CREATE TABLE `vehicle_accidents_joint` (
  `Vehicle_ID (PK)` varchar(45) NOT NULL,
  `Damage_ID (PK)` int NOT NULL AUTO_INCREMENT,
  `Collision_ID (PK)` int NOT NULL,
  PRIMARY KEY (`Damage_ID (PK)`,`Vehicle_ID (PK)`,`Collision_ID (PK)`),
  KEY `fk_Vehicle_Table_has_Accidents_Table_Vehicle_Table_idx` (`Vehicle_ID (PK)`),
  KEY `fk_Vehicle_Accidents_Joint_Vehicle_Damage_Type_Table1_idx` (`Damage_ID (PK)`),
  KEY `fk_Vehicle_Accidents_Joint_Accidents_Table1_idx` (`Collision_ID (PK)`),
  CONSTRAINT `fk_Vehicle_Accidents_Joint_Accidents_Table1` FOREIGN KEY (`Collision_ID (PK)`) REFERENCES `accidents_table` (`Collision_ID (PK)`),
  CONSTRAINT `fk_Vehicle_Accidents_Joint_Vehicle_Damage_Type_Table1` FOREIGN KEY (`Damage_ID (PK)`) REFERENCES `vehicle_damage_type_table` (`Damage_ID (PK)`),
  CONSTRAINT `fk_Vehicle_Table_has_Accidents_Table_Vehicle_Table` FOREIGN KEY (`Vehicle_ID (PK)`) REFERENCES `vehicle_table` (`Vehicle_ID (PK)`)
) ENGINE=InnoDB AUTO_INCREMENT=17 DEFAULT CHARSET=utf8mb3;
/*!40101 SET character_set_client = @saved_cs_client */;

--
-- Dumping data for table `vehicle_accidents_joint`
--

LOCK TABLES `vehicle_accidents_joint` WRITE;
/*!40000 ALTER TABLE `vehicle_accidents_joint` DISABLE KEYS */;
INSERT INTO `vehicle_accidents_joint` VALUES ('14db5cd5-7a87-4b47-b697-ed568680896f',1,1),('3e538764-189f-4c0f-b724-a7c0d8efbe2f',1,353),('785ed6e1-9b56-444a-9475-9bf206ed1ae3',1,22),('98dbeea6-f080-4c02-af9d-6dc4d87a71f3',1,209),('a9f03379-4987-41b8-bbf4-7e0b53550c86',1,473),('c4dda409-b7ab-4b4e-a0d8-affc2c2f2668',1,84),('f94e57f7-c507-48af-80d2-168fc1a285cb',1,65),('052044f2-dda1-465e-82ca-fada279fb86a',2,343),('058c26b2-68eb-43a8-ba10-6f70c1b8897f',2,166),('0a36c182-f690-409b-8a6f-05722e8ac664',2,126),('0e377345-5bfc-4f51-8b3d-92c0d31c0e3d',2,14),('10d30fc7-0445-4ed7-aec8-4ca553f289de',2,148),('143c6207-3cdb-44d7-990e-7f10a92df916',2,51),('152cea7f-ae0a-465f-bdbf-b5e9a6b52eeb',2,137),('1ef1f08e-2b94-4f71-9287-430e7c0417cc',2,177),('20950ddc-1440-4a64-b74a-bc3ab68fe2e5',2,438),('214e198c-30f6-47eb-9682-0670b0cba634',2,66),('2161dfcf-e2e5-45c1-a7c3-eafddbc1f50f',2,284),('2612a13c-1132-4030-86c4-9437f8975d77',2,95),('2c04a3b2-b695-447b-abba-ee2e525edf26',2,425),('2d38b0f5-ac20-45a1-92d3-09b1cebc2cd2',2,422),('306413a7-cb3e-4650-9c12-a01c4f677376',2,500),('36223402-4581-4395-a437-5bff303528e1',2,273),('3cd4dd76-8371-4da7-970e-f2a29e6282da',2,386),('3edebed0-569a-4c0f-9d55-ac97fbd5e6c2',2,319),('45683f30-b112-43ef-b6d7-b037f8c2a1ad',2,138),('46d496d6-cd3e-4c43-a028-b7edd47a9c33',2,207),('4b30eb98-4796-44cf-9d9d-9186cab28b8c',2,466),('4f1a0809-d1bf-40ff-a8c7-1900c3c19048',2,2),('50b0ba8d-a1bc-4ed7-9b6c-b44bc93cad44',2,498),('514006d5-71d1-4b41-834c-489658035493',2,89),('537b9df2-b796-452f-8485-a579e102523f',2,96),('5a038a16-e00c-41de-86e4-27053f81ce51',2,341),('5a991075-16b5-48e0-b72b-8ab72a4709c6',2,180),('5ad73843-657c-4454-8f92-f4a317b158c4',2,200),('5b880eb1-b398-46a1-a972-3b3295262452',2,456),('5e89ed39-211e-4148-bc8a-035aa7ab10ca',2,423),('627d9ad9-32cf-4aff-9028-db9fa5d89bc5',2,302),('628e25e2-eb31-4025-8ef1-3069ff8bc72c',2,303),('649ff536-2571-4511-83f9-1b29f656a14f',2,221),('668e0898-28e6-4af7-a232-68aa130ac07a',2,13),('67197f8b-2190-455a-98d0-06535f8ed2d6',2,192),('67b03698-adf4-4866-a256-24af8400fe60',2,411),('6a138528-bf75-4b66-9b98-88c1d2fab8e1',2,91),('6c277162-8385-4b87-8834-a2626c8e0d80',2,484),('6fc99e40-960d-4c0a-8dfa-a2cd1871021b',2,420),('764a6526-239c-4740-8e92-e64c1b27b6a8',2,15),('77062123-e87b-40d1-b9bf-a33b5812bf81',2,297),('7debc98a-0810-4c44-ac34-b296f08549c7',2,144),('7df226f9-aaf4-4fb3-9237-e1ff67848286',2,43),('7e275dbd-e34d-4590-8b6f-47363f489109',2,87),('7f4872fe-eb92-4d52-8570-367db2ed682b',2,286),('82c75a7e-1ee1-4288-a7f8-6ea9763e4660',2,359),('8516bc68-ad9e-4be9-b03e-68388a8ab661',2,49),('882d78d6-47c0-4c66-bb8e-437204835adf',2,7),('8aa41f09-d920-47f2-ae48-3683ce571905',2,409),('90f102bf-8895-4120-aaae-99359a70a27f',2,269),('95c017c2-ef59-4bde-af7a-fba5b9705ca9',2,50),('962b8e8b-9ddc-4f47-a176-ebd2648e4c12',2,292),('98848d81-1443-4c3e-a1ee-b0493e172cd3',2,417),('99ff2557-e1ac-4fc5-8f9c-68a4e51f3bb6',2,18),('9b5ae37c-c6d7-44bd-b4b7-b2c2f5d1cc75',2,216),('9c8c1f5e-370c-446e-a3af-74f9ec32f5ec',2,239),('a2826f94-83ff-4d17-aef5-fe13140fa3c4',2,86),('a614c388-cbba-4197-900a-799f0cb2b0f9',2,491),('ac463bb6-a00c-49aa-bcb9-2fe831c1053b',2,443),('af83da14-ce42-4770-93a6-76a09cd12ec6',2,217),('b0f9bf8f-7b53-4b31-93c5-11442c0822d8',2,324),('b5d61f49-b98b-4382-ab90-c542511df88e',2,459),('bf076e34-57a0-4080-bef9-959378301471',2,190),('c868d707-e627-4448-bef0-89433744c6e9',2,385),('c9ccd1ea-bd3a-4471-8c05-b2afdf4c52b6',2,470),('cb630c92-7fc4-4b1d-b7c8-32bb8f88239c',2,367),('cc53dc2d-b800-43e3-9880-b9a4a372d86d',2,52),('cdb4b297-f99c-47c8-a9fe-99cc43725f3d',2,222),('cdcb2d9d-1f93-4864-bb73-d314039389b3',2,323),('ce612392-86bb-45c4-99cb-399bbd7f760d',2,360),('ce6caae8-88ed-4450-8331-78457e14dd7a',2,175),('ceafec72-a1dc-4b63-8065-b2ac517958ce',2,429),('d1009787-ff76-4f0a-a6d2-7eb471dba031',2,481),('d73fdaac-ee8c-4536-9190-939b81cadefa',2,198),('dd2a3c6e-34b3-4818-91a1-07ac68d7a1cd',2,210),('ecad750d-68e6-4f12-ae82-2031ec6f3be3',2,325),('ed303c7c-de90-4088-b429-3c06051dea0c',2,321),('ede586a4-d975-4b15-9a39-cc59d68c8177',2,115),('ee2707ad-1183-47eb-bb72-9faaca9b0058',2,106),('f06bc0b3-262f-448f-bff7-81228af07a63',2,431),('f29862fe-25d1-4ce6-8079-b8e00729857c',2,260),('f7962cfc-085b-461f-a80f-30dd947e6246',2,109),('f94fc3ce-ed60-42e7-b374-cfe0a23e9dbb',2,328),('fa6bc981-16bd-4a0a-994d-32d685dfadc8',2,391),('fdb4491e-a93b-4dcd-899b-e12fb37b76dd',2,316),('02c78825-8a86-4484-b43d-9fd73f5abd7c',3,19),('033f83de-4bf9-4731-8916-754a76d3cfa9',3,250),('05be5425-0b97-4896-a64b-8bc74af6a651',3,68),('0935ee7f-7792-4434-8e49-60b802a128cc',3,224),('0abc229b-9fe5-47f6-8ec3-0cbe8f43a3fc',3,477),('0cc4aa57-9609-4a42-bfa8-3d246555b5cb',3,435),('0cc571c9-ab57-4d34-9cb0-b391b5b64a25',3,472),('0daa904a-a165-4af5-b431-622b6c781bae',3,107),('0e4f7593-cdcd-4335-925e-16378a607e7a',3,348),('0e8459c9-4797-4c71-b93d-8cec77da6f95',3,32),('0f261ee7-4f85-4a9c-a59a-b68677c0fb2e',3,436),('0f2ddb95-aee4-4888-80fd-d84017204343',3,213),('100b073f-c509-4644-bcaf-fe836f102576',3,27),('10b4aefd-a20d-426a-bf6c-f76d86222a63',3,28),('12c77a6f-3b28-4dd9-b46f-73bb69ef62f8',3,157),('12da6c00-a3d5-43fb-bea6-55f4237a7251',3,306),('134a729e-78e1-4300-ad6d-3282a75c883f',3,448),('13795c8d-747a-4442-9be9-aac0b954f977',3,183),('13eb5951-833a-43e8-8e8b-ab6b11188ef0',3,497),('17cd5760-54e7-4443-b194-c6b8f1974673',3,199),('1ad94c02-1a77-42a8-b679-54fa486e7225',3,354),('1ade3bea-3a30-4083-8a2e-780f5f770f7b',3,114),('1c075915-1969-4f4c-bc65-b7802233404f',3,274),('1c1e8387-c26e-4f8e-b418-16e655e564d4',3,278),('1e62bd61-ba61-49f9-aa2b-d49ffc598647',3,265),('1e8b5715-4205-4303-bc31-8bec8622f565',3,26),('1ecaca8b-efac-4107-afb0-110ced53cb2e',3,205),('1edc7119-e810-4860-9442-32abbd1ce678',3,315),('1f9414c5-78e7-4af1-a489-5f723ab83f00',3,131),('1fc9675e-b2a6-49ef-8d8e-2cb68a6fb822',3,351),('211648d6-f817-477c-b6c0-b7abb7fb84d7',3,141),('2244822e-328d-48bd-9948-c9cbfc0cff7f',3,230),('2308f660-814c-4b98-8157-143a934e7e17',3,133),('23ad1468-d43f-47b7-ae72-accc5dd15629',3,485),('24b7f6ba-8509-4289-8582-311ee2fff493',3,331),('2610cfde-e3ba-4354-b690-f04166f3c9e8',3,160),('264af00e-ed15-4ca4-9502-6c8c190e1801',3,430),('2840d28f-8ad0-438d-a99b-b1b684d8f45e',3,79),('295af848-a854-4a47-8205-f12805cf35f8',3,62),('2cf04921-0446-4282-ab44-2d9aa45ac61c',3,345),('2e2bc4ac-fbc7-4ae2-8ad6-9ff24840818f',3,426),('2fc4b867-42da-4579-b8a0-1779d00586fc',3,349),('31a065e6-d20a-4ead-a7d9-742bc6ab33d5',3,204),('33001221-ae13-4c51-b900-f90bb2fb144a',3,293),('333604fc-9fc6-4a3b-8685-8ad45ba6c194',3,72),('38fcf75a-0516-4616-8d0e-a43221781442',3,71),('39987e8b-445a-4372-86d8-ecbb5c609914',3,53),('3a36fd48-9e26-41b2-9402-02fc3ce63b38',3,368),('3a97a811-bd51-4a49-8b7f-395e900a6c5c',3,232),('3bdf1bd9-7195-470f-873a-0795475c2cf0',3,211),('3c155fa5-d02c-4143-a657-68efea1813ea',3,371),('401d14f3-39b7-4ecf-b8d9-7d67b2d7a9f5',3,461),('415450c4-6f59-4646-8996-bbec89aff7fc',3,279),('431c6b7e-81c4-4d93-8fe0-e5f6bc14e12c',3,373),('44b34ecd-ab46-4aff-b1af-0b807f021a6c',3,81),('4537502c-3705-42e1-abc5-4b883c05e89e',3,268),('47222a15-0d4c-4419-990e-c617c3211a93',3,36),('4941b28d-703b-4918-8461-979456c6f8b0',3,394),('4a3e33b0-1583-4e4d-b7d4-1a8f6d9105ab',3,387),('4c7cba64-c703-4275-aa01-4fb4c4589089',3,374),('4cadbcb5-34ef-45b3-a6d7-d9dfc806c489',3,356),('4f5e777a-f2cf-4bad-bab5-029397ed1780',3,6),('4fb3809f-c495-4faf-aad0-6a2a10d4f620',3,437),('52dbe918-4ed9-4b67-9ea0-616fafc33d22',3,416),('549e0c1c-8066-40c1-a263-2b167a4c28df',3,449),('5675016f-3ab5-4721-8fe4-697b7653a517',3,252),('5bd5eb7d-d3fa-4008-9c0d-b502b545e40a',3,30),('5ee48f33-f9f6-4cae-87e4-33dc018a69b5',3,124),('5eeb59a1-9a01-4eb3-bfb0-237723ed13f0',3,64),('5f1ff8f3-f437-4b78-a5c9-db86f9c1bfbd',3,193),('61a8ddf9-64ca-4760-85eb-29c8278c111e',3,152),('643171d8-9a70-4662-a364-0c79b30a7f3a',3,82),('65396609-592d-4c25-aec7-1935fa2c173f',3,490),('693d2f79-21af-4993-aaef-5070d19c494b',3,203),('6ad0a0ae-2f80-40cc-934b-4930d8e15b1c',3,59),('6c209d4c-8be0-48f5-a0f6-e6b71bf6ac17',3,347),('6e77597a-9b98-45f2-9040-b323bf5466d1',3,410),('6f5d9866-0384-4a65-be58-84bd00b42146',3,432),('708876e1-ab0c-4e98-8227-9f3f652b857c',3,362),('712e2406-d9fa-4f86-a7d6-0f9d6a88bd86',3,478),('714f58ab-509f-4399-b303-c920389db37b',3,452),('73ca4e2c-375f-482e-b106-6e7a64793aa1',3,446),('74b7d454-f58d-45a5-a3d5-30d8e61cf7e0',3,187),('76e4c553-ec2e-474c-b6b5-890d5c368948',3,397),('793443e9-dfa0-4103-bee8-ce584b2b0a8f',3,400),('7a6312fd-1dee-4bd9-a372-34bac5c8ab0e',3,364),('7c4811d9-0f1f-41ec-a441-0ebebead04eb',3,418),('7c86b11b-077d-4759-ac7d-f16f3dfb227b',3,396),('7d93b83c-805a-4edd-ad43-88a3047b2ba1',3,121),('7e7fd31b-1c23-4dfd-8a0f-ef30e5ad389a',3,228),('7eb7762a-dfe5-47fe-8220-8bcd81ebcd20',3,464),('81fb9a74-4434-46c0-a356-2f28e5d2ee65',3,101),('82a667b0-efa1-4065-a5ae-7fb26088dea3',3,308),('8672bede-70f3-48e9-b113-86cf7b142108',3,450),('875b9e4f-6758-4ad8-9f45-775a6ecc3af5',3,298),('8938c4dd-3f36-4547-9b6c-a2a978f4582e',3,378),('89ab0945-7816-4ada-8ff0-5a0a719909a6',3,370),('89c19205-5f90-47a6-902a-cf15a2922a61',3,69),('89df9d8b-4d72-4e86-92c2-6a868d70f505',3,451),('8abc1f03-cce9-4f5d-b074-1918fa8ce487',3,9),('8e2fe739-1b78-4993-98e1-a29e49b0dd18',3,259),('8f728991-a664-4051-97be-2712553d2406',3,471),('8ffbf78f-aafd-4320-a199-cbb6c332b9d2',3,146),('900c2785-7cdb-456e-aae1-05f05b163544',3,357),('9037952c-e519-4d59-a286-1e2e323ac7e0',3,266),('905f3bef-f15f-4f27-a6b6-68dd871732c3',3,83),('90bba616-8ea2-4dda-aada-3cc87efa03bc',3,318),('90bf53de-1d2e-4a58-bd1b-4b8a71f03eaf',3,474),('90fd1aa6-cc7f-42c8-8e21-baf597b2f32f',3,327),('91a42faa-db01-4bdc-ab02-d86d2cd53e42',3,372),('9449ce12-9b30-4d7b-9adb-eafdda824f6b',3,309),('97dfe2b8-3878-45df-836e-bcb2c5572db8',3,164),('98429316-1e55-4274-ad24-8f5ea27b107a',3,186),('9956b60a-e4fa-431e-88dc-efbf03458b80',3,54),('9cf7afbd-03c4-4585-92f2-67d62f4d5c89',3,103),('9dca1d5e-cab9-42e0-bbd2-1bd0a404c45f',3,489),('9dfce539-782a-4277-89c4-8ac725f8b46a',3,272),('9e3f2726-c4cc-4e6f-a6af-542a9f3fc83c',3,480),('9e84e757-826d-4234-a305-ccdc85b6635b',3,407),('a5fa35e9-9bf6-4c16-8f26-4af13c6de592',3,241),('a9e39655-dc99-447d-8ca0-8ef13251954d',3,134),('aabbb243-c23c-4210-8088-0eb32199a347',3,433),('aada0edb-58f0-4c5a-b650-02b2723b0027',3,329),('aade07f8-84e4-44ea-be26-f6628ab63bd6',3,41),('add667d7-da9f-47c2-afd1-41e8ece2ec5a',3,376),('ae912c54-f094-4447-a445-e2f68cc557e0',3,212),('aee840e6-ece1-449a-8156-3994b02a4262',3,170),('af27d5fc-cdc3-46ae-8d1a-440aa7f950c1',3,249),('af906067-73a1-4315-96eb-c2c4696a6e0f',3,499),('afce40f8-af11-4f50-b9ef-0fe10bc79bf0',3,483),('b037f47f-ff61-4a35-a1e9-ad91068ae77a',3,487),('b08df47b-c4bc-4cc0-8dab-9e54b090a052',3,3),('b11293cf-2fef-4a8b-a932-1eb498ccf9f7',3,469),('b26bdfda-6b21-477d-bccd-1ee0a5e7a6ba',3,465),('b2e12dff-0949-46b8-8365-bc93e007a0bb',3,344),('b3b6d8e9-b235-4ef0-b6a1-e73dc0c58d4e',3,155),('b415f0ac-ef67-490e-ad02-6725b229b8de',3,174),('b88c92ab-ab95-4f0c-9cf6-84349d05bb21',3,39),('ba021c68-25bc-4987-afd9-86028892f6a1',3,263),('bc7b6ab0-8507-4315-9348-2951e470810d',3,150),('bdc582e1-e768-4363-bddb-afcd2587c70e',3,492),('be076dfe-6c87-4d54-b402-3d4881a74382',3,439),('bfe9b5bd-c4b5-46a6-8026-24235fb446cf',3,25),('c0ba21a1-2fef-4fc1-b5bc-db041095d4d0',3,304),('c1d38231-bdf2-409f-8df0-44c37175b001',3,289),('c3df19c7-55c7-4da3-8bcc-0b3d90432902',3,100),('c47ad763-7b94-44f5-85b5-478e2e660428',3,393),('c5a38083-95e5-42f8-b3bf-daf41a43916d',3,339),('c5ea7696-b07b-452c-aacb-4c5d03976a21',3,494),('c8cbb2e6-e79b-41fc-b37e-da0f16387aaf',3,424),('c8d2e170-fb46-4841-acd6-5d9b54cf26e4',3,21),('cb52400e-14a4-4fd6-94d0-814943e0e4bb',3,463),('cc59a2bb-0afd-4693-b859-aff1ca87d81c',3,184),('d0a0bda0-93fc-4314-b1f9-3f9a63be09e6',3,482),('d1492a2c-5762-49aa-b397-7301ccbc7162',3,172),('d17b8fd3-e59d-44c7-9b3f-efa8347e45c2',3,63),('d1f33060-09d5-45ca-937f-46281f370eef',3,282),('d33bb9bd-e467-4494-8cf0-e23cf6f967a8',3,171),('d4923945-589d-4de0-9a83-05f5d6b387e4',3,264),('d8b3ee5f-06b3-4976-81b9-769bd3634317',3,29),('d8cddcd1-b143-472b-9f03-011624dfafac',3,340),('dc370bf5-9c6b-4ead-85ec-908df642b487',3,288),('dc3ca6a0-b010-440f-9a81-32a90c734717',3,246),('debd4bb4-96d8-4016-9efb-16e17f788ce2',3,336),('dfab9753-3a3d-40f2-abd2-c6ce33518853',3,173),('e088d21b-289f-4be1-8101-7720aaf1c524',3,178),('e0d16be0-4553-4d5a-91c6-621fb2d7a6cf',3,258),('e23259d8-baee-448d-94a7-7240d776df65',3,220),('e23de4ff-96aa-42c0-bda2-5561845b4812',3,390),('e25232b5-9d3f-4ba5-817c-944330f987b5',3,233),('e292b85e-4ec2-4d9c-9538-791aca184ee5',3,468),('e35cf47d-9f7f-429c-a9e0-ccb62dce102f',3,145),('e3996cf2-5f82-4590-9344-73ea05691e78',3,404),('e8d737ba-10f6-4448-9173-409fbe96e939',3,313),('e9c25e56-1490-4d75-9022-2dc0e14eb7c4',3,111),('eae554eb-bba6-4aac-b0df-81eb7853d9f5',3,247),('ebef80e5-f320-47a9-92a5-e7eff97a385c',3,40),('eca0113b-edba-4371-acce-cc07c79a9fb1',3,77),('ee51f951-6d94-475a-bbdb-1073008b3c6c',3,361),('ee85fbeb-d34a-4f71-b49e-c781ce50479c',3,365),('ef4c5955-cc9b-41b1-b478-35ba13da5731',3,104),('f317a6f1-f77f-4ca4-86ef-62b4094c8c2d',3,414),('f41ead69-52ea-40bf-9979-a25d5958e88a',3,296),('f59f5185-b4bd-4678-b366-de0afd50d3e9',3,444),('f601a71f-8c3d-4dd1-9a7b-4879b42cffa4',3,421),('f71d826a-134e-497a-b4e5-af23129fad8b',3,94),('f81fb643-5295-4e3c-8dd5-f45046483e3a',3,338),('f9d8057b-3323-4cae-a4ef-6d0661f1d40b',3,80),('190fd4ad-43e7-41e0-9a9d-45edecc17b94',4,4),('1a8ffd24-eaaa-4f33-9a28-6c1311e722b2',4,97),('242322e7-2896-4427-afa1-15160027da6f',4,201),('3469b3b3-bdbe-4afc-abe7-bbd7fbeedf6c',4,238),('3a2df5b4-e162-4415-a5b6-7941c6bde2c0',4,290),('4145c4e5-d2d6-4abc-a328-0c15c90e5518',4,88),('593b044e-5956-459d-a03e-0b8b42b37508',4,346),('71fcc386-7ec8-4e14-b3c2-abbb8d1a2e03',4,380),('72a57bb6-1a09-44f0-a91d-a78602a845d8',4,127),('91009c33-4763-41ac-b578-53d2bda2152b',4,74),('986eec13-c64a-4633-994f-0f31b536c8af',4,196),('e590bff9-0f89-4fbf-95d6-5db4437690cd',4,285),('fcfa3d0f-fbc4-48a9-a70b-cead47cd127d',4,11),('0070d8e8-0c7b-4b43-8a62-5a56f7ac41d8',5,248),('01b80b8c-0fa9-48be-b704-be02459e1453',5,132),('036abd01-c0b5-4c28-b7b0-b6d0d2870b4a',5,108),('073b2f65-16b6-4014-bbce-273b2d9d3081',5,335),('0a016676-ac1e-4907-9525-e01dbcdc5c3e',5,37),('0c882289-c97f-46ff-9ed3-103775a0c5bc',5,116),('10204071-0ac1-479a-adc9-dbea0458d3d5',5,142),('11bc15bc-237d-4e2c-b295-0058c63027b2',5,355),('12c736c7-bb3d-4b9d-b634-a273e9b0ef55',5,460),('135aeb46-52f9-4915-95fd-aff1e16f64c6',5,67),('138be329-f0e6-417f-8544-3b7dde267a3c',5,47),('154cfed5-abb4-4108-ac34-6e36edfb1ea4',5,156),('19dd5376-44da-4178-8009-f39b5778c028',5,369),('28fdcf86-a7a4-482c-a7b8-1db482a6345f',5,167),('2fb99fb8-7e4d-4475-ba2b-7213db188f53',5,496),('34b64a31-b479-46b2-9ec0-650197adb2d7',5,299),('3dccc0ac-03b9-4bba-82c0-df054e1966b4',5,332),('41d8a742-42e6-4052-8b8f-fcc4d5ee0f1e',5,125),('454ac5df-c7c0-4268-8af3-75fb92dcc9c3',5,85),('48a4cc0f-3dd7-4277-b237-abbf24805fe5',5,57),('4b5475d1-79a2-491c-9e34-21d99674983d',5,255),('4baa0322-1261-4591-aa43-73abd0657e55',5,159),('4c546a39-a3d5-44ca-9fe5-acd3dd5c3f04',5,413),('4fd1dc65-3d70-4276-ad40-430d5eeb8fce',5,23),('5280ee87-4a67-4c9d-b52c-e0d3eca48ef6',5,227),('574db6a5-e7df-4aea-b85a-420b9bbac735',5,395),('5eb7f299-9f8c-4d02-97a2-195ef81f6ecf',5,244),('634fb2db-d992-4246-863d-7bf223c142b3',5,194),('64ee70ad-3df3-4aaf-b2d2-4d425085640b',5,45),('68c3f590-b674-4158-aa01-15264b18a65e',5,17),('6ca2c3dc-d796-42fd-a1df-831ed41b595e',5,24),('700fc181-9070-4f43-a1ff-6a4dd09084f0',5,5),('7232ff9f-f069-44a8-83a7-397a502163a6',5,305),('760a11b7-54e7-4e77-a0d4-9feb162cfa15',5,240),('76c83e26-c352-4e83-ada9-602d9bb47b72',5,129),('7b58d45b-6e53-4785-9cb7-3e2ed7f47162',5,140),('7cca6dd9-b78b-47f3-a898-04ac42eb5cd0',5,139),('8a7ee742-04fa-4f00-88d8-af0c8aa49773',5,136),('8b20e995-2c2a-477c-9e81-083782b693da',5,402),('8cfa01af-d536-4bf2-ae89-5592fae37e3b',5,275),('8ed740c1-e807-468f-aa76-7112cf0da218',5,208),('90e65392-d611-482b-8ed0-23a131acbe61',5,403),('97bff0e3-f746-41ca-8712-9b9d7800138a',5,455),('999b2a0e-8a8f-4a96-8ee8-9f87bdd413ce',5,453),('9b1649e7-c01f-43a7-8d32-324ff29c9a46',5,189),('9f8ee770-bcf1-4bca-9780-01d676a5bc7e',5,381),('9fe23485-740c-4715-866b-424e62ca0038',5,253),('a140627a-0730-41cf-895e-c44892bfba3e',5,479),('a434df01-0078-487a-93be-32017b7ee0a7',5,392),('a55798b4-b0b2-46ef-b5b5-34eba27fc81a',5,93),('a9703719-3b70-4455-80fd-adc9c996350f',5,406),('afc086e4-a4e6-4336-9ed0-fd1fe34c96c1',5,10),('b378544e-df76-4cbc-b36f-e69f3a3b8d94',5,317),('b75ff219-48a5-4c91-a47a-25f365ee6283',5,401),('ba594b4a-2465-4031-a7d4-3046fed7e203',5,44),('c4425932-7fd5-4dec-a55e-aa7a1b53512d',5,110),('c4557fb3-83ba-4b5a-bdc3-f12e326bfb48',5,179),('c6c9eff5-bc4c-44e2-9388-9f981d86a892',5,214),('c96c5fc3-d20f-4bf7-871b-8a45d803ee7a',5,342),('cb614ae0-aba1-48db-a2d9-3a2ecaafd277',5,256),('cbdae7bf-0ccc-4f89-949e-91017569598f',5,122),('d47fd256-4863-4033-8254-dd4fa7f8f8fa',5,78),('d616bf72-3bec-453c-865a-b6de32ce0dd3',5,405),('dcfb4a00-47a2-441a-9ec4-b00ec714d0bd',5,119),('dd81e318-131e-4573-9681-cab4eabb16c6',5,280),('deafd3c7-2bed-4c7b-bdd2-1fe70c812609',5,419),('e0994735-87dc-4a7a-9b69-e48e65403967',5,447),('e1cd1f1b-ba20-4271-b375-30bfa4b40618',5,350),('e4b48198-a3d9-42ac-ac7c-f43b21ce4c96',5,428),('e61234ae-a691-49e8-837c-33d4ac44396b',5,206),('e74e2cb2-ed53-4821-9776-4ceeb4a3ca25',5,61),('e9f81d7d-8127-4f5d-bde2-d11fa50dc96d',5,33),('ecc2c810-e2a2-4df2-8893-ed450a758991',5,245),('f1452268-aa94-454b-9939-365019b1018c',5,326),('f4f7bcd4-ef95-4ec8-990b-044981308008',5,294),('f6165e3b-a683-4e18-a0fc-1970e9ab05eb',5,182),('fff4747a-0479-433c-97a5-0ff7e0724f44',5,271),('04b366c1-db08-4cf6-b832-31289302f158',6,379),('04cd0591-f504-4cad-93b8-3949ad38ff94',6,8),('206eb132-52ef-4523-9f56-c37bc9b62fb4',6,457),('30d3f995-5bc1-4b7f-896a-450ae1749f21',6,277),('5072d0af-ebfb-40bb-8c0e-8103080ba8b8',6,31),('a128c8c4-c5dd-4358-87a7-02703a862604',6,229),('cda59410-5e2d-4725-9f01-7a5880e8847c',6,389),('d8a37378-107b-43eb-979b-a839ee6950ea',6,123),('ecec31c8-dffc-4d41-afa0-c9986b991329',6,476),('f5916d81-7b1f-4fb9-a370-daa6a0cf02e1',6,12),('fc397983-c9fd-4968-9564-d9822f02873f',6,162),('16d1b2f5-853d-47ef-81d3-b7d064fa3c3e',7,215),('40f7ec86-b6bf-44da-a8f0-8377679d5153',7,73),('481f24b6-86c4-4c34-b41e-503842ade111',7,334),('5289ec98-b9e6-4146-a898-506b6b18ca1e',7,231),('563c4fdb-d46a-4818-afd4-2bf700e3498e',7,242),('57d7aa3f-e552-4ce4-b04c-ad6a51e25aa2',7,399),('72a16021-4421-4959-8a96-4b0e55553943',7,301),('91a0f785-ac88-4388-8113-f64dac9144f7',7,169),('a6c783f6-f662-412d-810f-6b021dbce4aa',7,398),('bbb09f93-8b6a-439c-a1c4-f79ab6097930',7,235),('bbf03033-775a-48b7-8fb0-91c9911b3f75',7,226),('e1214669-ffdb-4e52-9607-b0af1e131ac5',7,16),('fc6d6cc8-fff8-419f-8664-070e123077cc',7,307),('05c61d2a-870b-4803-b28b-cc6be041ca0f',8,333),('09325ea2-d25a-4be5-8d8e-67333950291c',8,99),('1ee93aaf-9ea4-47c7-9c15-4818b6fe35b7',8,185),('1fa7457a-0816-4ade-8e2e-38606d65dd2a',8,197),('2c40e5f7-5b72-4dd1-a8fb-453ffff60836',8,154),('32c9dc4d-c471-4a5d-98c2-5912555730a4',8,120),('3328b533-2c0a-4229-880a-20710032ac3d',8,143),('37e7fcf1-325f-4d03-8281-c64bd63f2fa5',8,219),('386c8da5-80c7-4a7f-9f4a-d1b780835744',8,488),('5038fe82-9fa4-4d4d-8124-c1e4d30d8922',8,243),('55335417-75ea-454b-af05-135a28cb1d23',8,38),('5743cbe3-e24d-4380-a372-46095504319b',8,149),('5ca52fa2-e368-4c08-9c0a-d8c70fd25095',8,261),('648df035-6c52-4e0f-9aab-590fab5c01f2',8,20),('6bd58ce8-a170-4b38-b08d-28b5dde38fd7',8,195),('81cd9b36-d5c3-4de4-b3b2-259abf5de4d8',8,34),('8a36870b-de63-4d2d-aab2-4061ff6b52da',8,147),('8d310895-770c-48d3-b853-6ee6a1d282a0',8,384),('90d8e6d0-efa0-4660-952a-a61b853cca93',8,382),('92034406-b579-4118-9ab0-c533d0df5db1',8,202),('9e20549e-f2d7-4336-a411-05b35261302c',8,153),('ca01eb39-2d63-43b5-9175-99e63d674486',8,262),('d0976578-d603-4994-9893-131932b9eafb',8,377),('d0b11f42-a3fa-4cd9-8f91-def8bc707952',8,442),('d76921ec-8f5c-42da-aeb1-f702b6506f28',8,130),('e54b554e-05e9-4328-84b8-b0bd2a06d9d6',8,320),('ea4d3e38-8d0c-4379-9439-30530627b285',8,151),('f3a92145-17e2-4cba-a7db-660f441db08c',8,486),('fad26ebd-1e13-45ac-a6f9-c79d8a99636e',8,276),('0adf8bef-d03b-42d6-8486-5bc5c5fe385a',9,388),('131da8b0-30cc-4bbb-bc28-cd4b9113a13a',9,281),('16567110-186b-49a7-bbf8-80f9015bdcc6',9,287),('17d0b211-1f71-4f18-8f15-f5c1ddb5deda',9,358),('18e90b65-1e44-449e-b12e-5c5fae5d1349',9,366),('1ad57024-9353-454b-b2af-342f55c5925c',9,112),('300f6d02-0d03-4f00-be3a-ba6fdcc85f97',9,458),('30338d95-48bf-437e-a67f-85b2a8590120',9,300),('3d01811e-b392-4f73-9eca-571a496b3039',9,188),('3fa1ec2a-e425-41b3-b237-af22e366cb53',9,117),('4db10301-c8e3-43c6-abdf-56123d9b730e',9,48),('55c1dd73-fdbc-4776-b9a7-7e1cf23dc2c1',9,295),('57e07007-9e82-48a5-9b8f-0d07691dd8d9',9,427),('5c5c0388-9e3e-4316-85ea-abf3c6e61511',9,337),('5db9965a-18f2-4722-871b-4b644b1a4fad',9,176),('67c30104-dbcb-467f-bb2d-eeee152d03c6',9,434),('6d0f7a8a-947e-4a60-9123-50289c5df246',9,225),('6d46b678-4ac0-49b8-8a02-c9c5d7ce6c2f',9,363),('720e30f7-235c-47e8-bb45-d6c005c68d27',9,46),('794370d8-a8f8-44b1-9fe6-2f3db7b85e30',9,311),('9004d0a3-f55f-47ed-9f9b-92d2d74ffd4e',9,352),('96217b1d-3a85-4e68-8f31-1d74ff9d41bf',9,35),('9cbffe1e-06bd-424b-ba6a-4bdc61a94299',9,310),('a8d45880-e51c-40e8-acb4-02c5248798d8',9,60),('b00e9fd8-42bc-4515-884a-3ede1866fccd',9,165),('b6e65fcb-a16f-46a2-82d4-e980e7e746f1',9,312),('ccb38965-ed3f-4f1b-8823-248dc2bef106',9,462),('de3a7940-7d5e-4bf5-ae0b-402a3e13d78a',9,267),('e4f68fea-85da-494c-a6b5-eeadd8dc62f9',9,118),('e654e788-b014-4f4a-aee7-8f4f7119841b',9,163),('e73a1279-7fca-446b-ab7c-b23d6a770ccd',9,223),('ea412b7c-0a1b-45d7-a140-1204c5950128',9,257),('eaf88973-92bc-402e-b5d0-36bb1f079343',9,102),('ef16d03d-940f-495e-99da-dce121ea2206',9,493),('5077cbe8-940b-4878-8602-7165074f6248',10,495),('8730981b-5d03-4b06-befa-7f5013bd92b8',10,42),('d0ba1087-d991-4a64-8101-90efb3d9cdbb',10,90),('7d6dd792-5d6d-48d7-9a16-0a6857486341',11,55),('1b2e60f8-931b-4359-a575-194350383411',12,330),('249a4113-e247-4d78-8d6d-08cfe93226ef',12,254),('393aa911-7afb-4427-a0b9-0fe70a97f35f',12,441),('3dbe6589-35e5-4aa6-b50a-de8f11749551',12,92),('5705b277-1073-4841-8112-f3a5c0bc4f19',12,56),('5ca28150-8988-4b8e-b22b-c4ab18311ec5',12,454),('697b19d1-bed3-4b28-99bc-a1b4fb408d92',12,105),('6a8189d3-11c0-42b7-a951-5820e9ccd928',12,236),('6ba5c5e2-e921-4da7-af7d-aa919e4dcf29',12,234),('7fa48cff-c361-4b21-97c8-9d2071d021fe',12,128),('86d86bf1-40bb-446d-abd6-793a9fd1a9bd',12,237),('89d852ca-ed80-4e2b-a32a-5d3d17f68ac5',12,191),('90cee8ab-9813-4c98-8a8a-173ca0cf3470',12,375),('b9e882db-6598-4155-b942-dd688e20a012',12,412),('c89bc995-974a-4207-99f1-e57515e13f95',12,475),('d2b9f9c0-80fc-494a-b4b5-d08e457d9b49',12,415),('db1ccaeb-91f7-4169-b7f8-e72e2f887de9',12,291),('e3fd95ef-b2a8-470d-ae91-4fc859090e76',12,168),('fe90e033-23a7-4b08-9930-06efbc2297d2',12,113),('07c1af5b-cd70-4275-8b25-c89663feb4aa',13,218),('1b1ac1a7-7b98-4e40-8029-c2f361c540fd',13,467),('1d1e8216-2c27-4ec7-b857-937104428ba6',13,76),('2e2489c9-1ff1-435e-8e83-ceb754200b61',13,70),('2f10fe52-c4e3-41a6-ba89-9ab8f909292d',13,158),('41bb59fa-c271-4a0b-95ef-fa662a2641ac',13,135),('533ade25-ec21-4683-a1dd-9e9d02bd9ec0',13,58),('70536408-4879-428a-8b29-b10fe392bf44',13,181),('7fdb3223-7722-499c-81ed-0a77757bb8ef',13,440),('a0604169-9cd7-4384-8c4f-f802e0568711',13,322),('403b32e6-fdfe-48fb-b015-47c6ce9ff416',14,383),('786f66ba-2d24-428a-9237-93c465e75542',14,445),('7ad22509-ed44-4b17-806e-429e70543de9',14,98),('fc450f67-858a-40a1-953b-0f0ded212ef9',14,75),('8c32bf8d-4d25-4a26-acda-575691af1430',15,408),('ca95dda1-3da5-4e61-aec4-51dc72a70844',15,161),('d43fe247-0b2d-4d2e-b631-9e221ee7580b',15,283),('b015c0e2-f795-4aa8-ba58-de738917a4da',16,314),('d01611f7-cca0-4354-ae86-9362f429300a',16,270),('d87c4086-973f-4407-ba03-3e7ad65df670',16,251);
/*!40000 ALTER TABLE `vehicle_accidents_joint` ENABLE KEYS */;
UNLOCK TABLES;

--
-- Table structure for table `vehicle_damage_type_table`
--

DROP TABLE IF EXISTS `vehicle_damage_type_table`;
/*!40101 SET @saved_cs_client     = @@character_set_client */;
/*!50503 SET character_set_client = utf8mb4 */;
CREATE TABLE `vehicle_damage_type_table` (
  `Damage_ID (PK)` int NOT NULL AUTO_INCREMENT,
  `Vehicle_Damage` varchar(80) NOT NULL,
  PRIMARY KEY (`Damage_ID (PK)`)
) ENGINE=InnoDB AUTO_INCREMENT=18 DEFAULT CHARSET=utf8mb3;
/*!40101 SET character_set_client = @saved_cs_client */;

--
-- Dumping data for table `vehicle_damage_type_table`
--

LOCK TABLES `vehicle_damage_type_table` WRITE;
/*!40000 ALTER TABLE `vehicle_damage_type_table` DISABLE KEYS */;
INSERT INTO `vehicle_damage_type_table` VALUES (1,'Left Rear Bumper'),(2,'Left Front Bumper'),(3,'Center Front End'),(4,'Left Side Doors'),(5,'Right Front Bumper'),(6,'Right Rear Bumper'),(7,'Right Side Doors'),(8,'Center Back End'),(9,'Right Front Quarter Panel'),(10,'Overturned'),(11,'Undercarriage'),(12,'Left Front Quarter Panel'),(13,'Left Rear Quarter Panel'),(14,'Right Rear Quarter Panel'),(15,'Demolished'),(16,'Roof'),(17,'Other');
/*!40000 ALTER TABLE `vehicle_damage_type_table` ENABLE KEYS */;
UNLOCK TABLES;

--
-- Table structure for table `vehicle_table`
--

DROP TABLE IF EXISTS `vehicle_table`;
/*!40101 SET @saved_cs_client     = @@character_set_client */;
/*!50503 SET character_set_client = utf8mb4 */;
CREATE TABLE `vehicle_table` (
  `Vehicle_ID (PK)` varchar(45) NOT NULL,
  `Vehicle_Type_ID (FK)` int NOT NULL AUTO_INCREMENT,
  `Driver_ID (FK)` varchar(45) NOT NULL,
  `State_Registration` varchar(2) NOT NULL,
  `Vehicle_Make` varchar(45) NOT NULL,
  `Vehicle_Occupants` int NOT NULL DEFAULT '0',
  PRIMARY KEY (`Vehicle_ID (PK)`),
  KEY `fk_Vehicle_Table_vehicle_type_table1_idx` (`Vehicle_Type_ID (FK)`),
  KEY `fk_Vehicle_Table_Driver_Table2_idx` (`Driver_ID (FK)`),
  CONSTRAINT `fk_Vehicle_Table_Driver_Table2` FOREIGN KEY (`Driver_ID (FK)`) REFERENCES `driver_table` (`Driver_ID (PK)`),
  CONSTRAINT `fk_Vehicle_Table_vehicle_type_table1` FOREIGN KEY (`Vehicle_Type_ID (FK)`) REFERENCES `vehicle_type_table` (`vehicle_type_id`)
) ENGINE=InnoDB AUTO_INCREMENT=18 DEFAULT CHARSET=utf8mb3;
/*!40101 SET character_set_client = @saved_cs_client */;

--
-- Dumping data for table `vehicle_table`
--

LOCK TABLES `vehicle_table` WRITE;
/*!40000 ALTER TABLE `vehicle_table` DISABLE KEYS */;
INSERT INTO `vehicle_table` VALUES ('0070d8e8-0c7b-4b43-8a62-5a56f7ac41d8',1,'20001753','NY','DODG -CAR/SUV',1),('01b80b8c-0fa9-48be-b704-be02459e1453',1,'19958273','NY','ACUR -CAR/SUV',1),('02c78825-8a86-4484-b43d-9fd73f5abd7c',1,'19827578','NY','INFI -CAR/SUV',3),('033f83de-4bf9-4731-8916-754a76d3cfa9',1,'19982728','NY','TOYT -CAR/SUV',1),('036abd01-c0b5-4c28-b7b0-b6d0d2870b4a',2,'19864739','NY','HOND -CAR/SUV',1),('04b366c1-db08-4cf6-b832-31289302f158',1,'20029475','NY','TOYT -CAR/SUV',2),('04cd0591-f504-4cad-93b8-3949ad38ff94',2,'19824623','NY','SUBA -CAR/SUV',1),('052044f2-dda1-465e-82ca-fada279fb86a',2,'20019530','NY','NISS -CAR/SUV',4),('058c26b2-68eb-43a8-ba10-6f70c1b8897f',1,'19953730','NY','FORD -CAR/SUV',1),('05be5425-0b97-4896-a64b-8bc74af6a651',1,'19845687','NY','AUDI -CAR/SUV',1),('05c61d2a-870b-4803-b28b-cc6be041ca0f',1,'20061683','NY','MITS -CAR/SUV',1),('073b2f65-16b6-4014-bbce-273b2d9d3081',1,'20015725','NY','CHEV -CAR/SUV',1),('07c1af5b-cd70-4275-8b25-c89663feb4aa',2,'19975968','NY','INFI -CAR/SUV',1),('09325ea2-d25a-4be5-8d8e-67333950291c',2,'19859791','NY','HOND -CAR/SUV',1),('0935ee7f-7792-4434-8e49-60b802a128cc',2,'19979340','NY','HOND -CAR/SUV',1),('0a016676-ac1e-4907-9525-e01dbcdc5c3e',1,'19835177','NY','DODG -CAR/SUV',1),('0a36c182-f690-409b-8a6f-05722e8ac664',4,'19957465','NY','TOYT -CAR/SUV',1),('0abc229b-9fe5-47f6-8ec3-0cbe8f43a3fc',1,'20067609','NY','TOYT -CAR/SUV',1),('0adf8bef-d03b-42d6-8486-5bc5c5fe385a',14,'20035346','NY','BMW -CAR/SUV',1),('0c882289-c97f-46ff-9ed3-103775a0c5bc',2,'19863967','NY','GMC -CAR/SUV',1),('0cc4aa57-9609-4a42-bfa8-3d246555b5cb',2,'20053545','NY','JEEP -CAR/SUV',1),('0cc571c9-ab57-4d34-9cb0-b391b5b64a25',2,'20065858','NY','MERZ -CAR/SUV',1),('0daa904a-a165-4af5-b431-622b6c781bae',1,'19860250','NY','CHEV -CAR/SUV',1),('0e377345-5bfc-4f51-8b3d-92c0d31c0e3d',2,'19836890','NY','CHEV -CAR/SUV',1),('0e4f7593-cdcd-4335-925e-16378a607e7a',2,'20022921','NY','SUBA -CAR/SUV',1),('0e8459c9-4797-4c71-b93d-8cec77da6f95',2,'19833036','NY','LEXS -CAR/SUV',1),('0f261ee7-4f85-4a9c-a59a-b68677c0fb2e',1,'20052759','NY','VOLK -CAR/SUV',1),('0f2ddb95-aee4-4888-80fd-d84017204343',2,'19992932','NY','MAZD -CAR/SUV',1),('100b073f-c509-4644-bcaf-fe836f102576',1,'19831247','NY','HOND -CAR/SUV',4),('10204071-0ac1-479a-adc9-dbea0458d3d5',1,'20003969','NY','HOND -CAR/SUV',1),('10b4aefd-a20d-426a-bf6c-f76d86222a63',1,'19831010','NY','NISS -CAR/SUV',1),('10d30fc7-0445-4ed7-aec8-4ca553f289de',1,'19943756','NY','TOYT -CAR/SUV',1),('11bc15bc-237d-4e2c-b295-0058c63027b2',1,'20020062','NY','AUDI -CAR/SUV',1),('12c736c7-bb3d-4b9d-b634-a273e9b0ef55',1,'20059177','NY','DODG -CAR/SUV',2),('12c77a6f-3b28-4dd9-b46f-73bb69ef62f8',2,'19946091','NY','LINC -CAR/SUV',3),('12da6c00-a3d5-43fb-bea6-55f4237a7251',1,'19993434','NY','HOND -CAR/SUV',1),('131da8b0-30cc-4bbb-bc28-cd4b9113a13a',1,'20002448','NY','NISS -CAR/SUV',1),('134a729e-78e1-4300-ad6d-3282a75c883f',4,'20053934','NY','TOYT -CAR/SUV',5),('135aeb46-52f9-4915-95fd-aff1e16f64c6',1,'19849554','NY','NISS -CAR/SUV',1),('13795c8d-747a-4442-9be9-aac0b954f977',2,'19968508','NY','NISS -CAR/SUV',2),('138be329-f0e6-417f-8544-3b7dde267a3c',1,'19841504','NY','FORD -CAR/SUV',1),('13eb5951-833a-43e8-8e8b-ab6b11188ef0',8,'20075643','NY','Sterling',1),('143c6207-3cdb-44d7-990e-7f10a92df916',1,'19840247','NY','TOYT -CAR/SUV',2),('14db5cd5-7a87-4b47-b697-ed568680896f',1,'19822160','NY','NISS -CAR/SUV',1),('152cea7f-ae0a-465f-bdbf-b5e9a6b52eeb',2,'19945209','NY','KIA -CAR/SUV',1),('154cfed5-abb4-4108-ac34-6e36edfb1ea4',4,'19978711','NY','TOYT -CAR/SUV',1),('16567110-186b-49a7-bbf8-80f9015bdcc6',1,'19995562','NY','NISS -CAR/SUV',1),('16d1b2f5-853d-47ef-81d3-b7d064fa3c3e',1,'19980237','NY','HOND -CAR/SUV',2),('17cd5760-54e7-4443-b194-c6b8f1974673',2,'19965308','NY','SUBA -CAR/SUV',2),('17d0b211-1f71-4f18-8f15-f5c1ddb5deda',1,'20022743','NY','NISS -CAR/SUV',1),('18e90b65-1e44-449e-b12e-5c5fae5d1349',2,'20024591','NY','AUDI -CAR/SUV',1),('190fd4ad-43e7-41e0-9a9d-45edecc17b94',2,'19823710','NY','HOND -CAR/SUV',1),('19dd5376-44da-4178-8009-f39b5778c028',1,'20026926','NY','TOYT -CAR/SUV',1),('1a8ffd24-eaaa-4f33-9a28-6c1311e722b2',2,'19857797','NY','LEXS -CAR/SUV',2),('1ad57024-9353-454b-b2af-342f55c5925c',1,'19862239','NY','BMW -CAR/SUV',2),('1ad94c02-1a77-42a8-b679-54fa486e7225',1,'20019766','NY','MERC -CAR/SUV',1),('1ade3bea-3a30-4083-8a2e-780f5f770f7b',2,'19864062','NY','CHRY -CAR/SUV',2),('1b1ac1a7-7b98-4e40-8029-c2f361c540fd',1,'20063962','NY','ACUR -CAR/SUV',1),('1b2e60f8-931b-4359-a575-194350383411',12,'20060830','NY','FORD-TRUCK/3',1),('1c075915-1969-4f4c-bc65-b7802233404f',1,'19958210','NY','NISS -CAR/SUV',1),('1c1e8387-c26e-4f8e-b418-16e655e564d4',1,'20004709','NY','FORD -CAR/SUV',1),('1d1e8216-2c27-4ec7-b857-937104428ba6',2,'19850184','NY','STRN -CAR/SUV',2),('1e62bd61-ba61-49f9-aa2b-d49ffc598647',1,'20004392','NY','MAZD -CAR/SUV',1),('1e8b5715-4205-4303-bc31-8bec8622f565',2,'19830592','NY','CHEV -CAR/SUV',1),('1ecaca8b-efac-4107-afb0-110ced53cb2e',1,'20009860','NY','FORD -CAR/SUV',2),('1edc7119-e810-4860-9442-32abbd1ce678',1,'20008978','NY','TOYT -CAR/SUV',1),('1ee93aaf-9ea4-47c7-9c15-4818b6fe35b7',2,'19950998','NY','NISS -CAR/SUV',2),('1ef1f08e-2b94-4f71-9287-430e7c0417cc',1,'19981671','NY','LEXS -CAR/SUV',2),('1f9414c5-78e7-4af1-a489-5f723ab83f00',1,'19972712','NY','INFI -CAR/SUV',1),('1fa7457a-0816-4ade-8e2e-38606d65dd2a',1,'19952198','NY','BUIC -CAR/SUV',1),('1fc9675e-b2a6-49ef-8d8e-2cb68a6fb822',2,'20024651','NY','HOND -CAR/SUV',1),('206eb132-52ef-4523-9f56-c37bc9b62fb4',2,'20059443','NY','DODG -CAR/SUV',1),('20950ddc-1440-4a64-b74a-bc3ab68fe2e5',2,'20052238','NY','LINC -CAR/SUV',1),('211648d6-f817-477c-b6c0-b7abb7fb84d7',2,'19945730','NY','JEEP -CAR/SUV',1),('214e198c-30f6-47eb-9682-0670b0cba634',3,'19846164','NY','FORD-TRUCK/3',1),('2161dfcf-e2e5-45c1-a7c3-eafddbc1f50f',7,'19997581','NY','TRUM -MCL',1),('2244822e-328d-48bd-9948-c9cbfc0cff7f',4,'19945421','NY','TOYT -CAR/SUV',1),('2308f660-814c-4b98-8157-143a934e7e17',2,'19973432','NY','FORD -CAR/SUV',1),('23ad1468-d43f-47b7-ae72-accc5dd15629',1,'20071255','NY','CHEV -CAR/SUV',1),('242322e7-2896-4427-afa1-15160027da6f',2,'19974552','NY','CHEV -CAR/SUV',2),('249a4113-e247-4d78-8d6d-08cfe93226ef',2,'20010299','NY','JEEP -CAR/SUV',1),('24b7f6ba-8509-4289-8582-311ee2fff493',1,'20061760','NY','NISS -CAR/SUV',1),('2610cfde-e3ba-4354-b690-f04166f3c9e8',2,'19959927','NY','FORD -CAR/SUV',1),('2612a13c-1132-4030-86c4-9437f8975d77',1,'19856091','NY','BMW -CAR/SUV',1),('264af00e-ed15-4ca4-9502-6c8c190e1801',16,'20049107','NY','VESP -MCL',1),('2840d28f-8ad0-438d-a99b-b1b684d8f45e',2,'19850305','NY','MAZD -CAR/SUV',1),('28fdcf86-a7a4-482c-a7b8-1db482a6345f',2,'19962377','NY','SUBA -CAR/SUV',1),('295af848-a854-4a47-8205-f12805cf35f8',2,'19844396','NY','TOYT -CAR/SUV',1),('2c04a3b2-b695-447b-abba-ee2e525edf26',2,'20047351','NY','NISS -CAR/SUV',1),('2c40e5f7-5b72-4dd1-a8fb-453ffff60836',1,'19956116','NY','HOND -CAR/SUV',1),('2cf04921-0446-4282-ab44-2d9aa45ac61c',1,'20017914','NY','HYUN -CAR/SUV',1),('2d38b0f5-ac20-45a1-92d3-09b1cebc2cd2',2,'20046339','NY','MAZD -CAR/SUV',1),('2e2489c9-1ff1-435e-8e83-ceb754200b61',1,'19848900','NY','HOND -CAR/SUV',3),('2e2bc4ac-fbc7-4ae2-8ad6-9ff24840818f',2,'20048133','NY','NISS -CAR/SUV',2),('2f10fe52-c4e3-41a6-ba89-9ab8f909292d',1,'19961719','NY','TOYT -CAR/SUV',1),('2fb99fb8-7e4d-4475-ba2b-7213db188f53',1,'20077677','NY','NISS -CAR/SUV',4),('2fc4b867-42da-4579-b8a0-1779d00586fc',1,'20025263','NY','HYUN -CAR/SUV',1),('300f6d02-0d03-4f00-be3a-ba6fdcc85f97',1,'20059338','NY','CHEV -CAR/SUV',2),('30338d95-48bf-437e-a67f-85b2a8590120',2,'20004309','NY','ISU -CAR/SUV',2),('306413a7-cb3e-4650-9c12-a01c4f677376',1,'20080563','NY','BMW -CAR/SUV',3),('30d3f995-5bc1-4b7f-896a-450ae1749f21',2,'19990945','NY','TESL -CAR/SUV',5),('31a065e6-d20a-4ead-a7d9-742bc6ab33d5',2,'19944469','NY','MERZ -CAR/SUV',1),('32c9dc4d-c471-4a5d-98c2-5912555730a4',1,'19866159','NY','NISS -CAR/SUV',3),('33001221-ae13-4c51-b900-f90bb2fb144a',1,'19983398','NY','HYUN -CAR/SUV',1),('3328b533-2c0a-4229-880a-20710032ac3d',1,'19962021','NY','HOND -CAR/SUV',1),('333604fc-9fc6-4a3b-8685-8ad45ba6c194',2,'19849064','NY','HOND -CAR/SUV',1),('3469b3b3-bdbe-4afc-abe7-bbd7fbeedf6c',1,'19957560','NY','NISS -CAR/SUV',2),('34b64a31-b479-46b2-9ec0-650197adb2d7',1,'20008118','NY','FORD -CAR/SUV',1),('36223402-4581-4395-a437-5bff303528e1',1,'20000792','NY','CHRY -CAR/SUV',3),('37e7fcf1-325f-4d03-8281-c64bd63f2fa5',4,'19901963','NY','TOYT -CAR/SUV',1),('386c8da5-80c7-4a7f-9f4a-d1b780835744',2,'20072732','NY','HOND -CAR/SUV',1),('38fcf75a-0516-4616-8d0e-a43221781442',2,'19848437','NY','HYUN -CAR/SUV',1),('393aa911-7afb-4427-a0b9-0fe70a97f35f',4,'20053750','NY','TOYT -CAR/SUV',1),('39987e8b-445a-4372-86d8-ecbb5c609914',2,'19840607','NY','HOND -CAR/SUV',1),('3a2df5b4-e162-4415-a5b6-7941c6bde2c0',2,'20006754','NY','TOYT -CAR/SUV',1),('3a36fd48-9e26-41b2-9402-02fc3ce63b38',2,'20026310','NY','MAZD -CAR/SUV',2),('3a97a811-bd51-4a49-8b7f-395e900a6c5c',1,'19966780','NY','VOLK -CAR/SUV',1),('3bdf1bd9-7195-470f-873a-0795475c2cf0',2,'19983385','NY','HOND -CAR/SUV',1),('3c155fa5-d02c-4143-a657-68efea1813ea',2,'20026522','NY','HOND -CAR/SUV',1),('3cd4dd76-8371-4da7-970e-f2a29e6282da',5,'20035478','NY','DODG -CAR/SUV',1),('3d01811e-b392-4f73-9eca-571a496b3039',1,'19969604','NY','HOND -CAR/SUV',1),('3dbe6589-35e5-4aa6-b50a-de8f11749551',2,'19855529','NY','FORD -CAR/SUV',1),('3dccc0ac-03b9-4bba-82c0-df054e1966b4',1,'20060571','NY','TOYT -CAR/SUV',1),('3e538764-189f-4c0f-b724-a7c0d8efbe2f',1,'20022437','NY','ACUR -CAR/SUV',1),('3edebed0-569a-4c0f-9d55-ac97fbd5e6c2',1,'19990068','NY','NISS -CAR/SUV',1),('3fa1ec2a-e425-41b3-b237-af22e366cb53',1,'19864510','NY','HOND -CAR/SUV',1),('401d14f3-39b7-4ecf-b8d9-7d67b2d7a9f5',1,'20059833','NY','INFI -CAR/SUV',2),('403b32e6-fdfe-48fb-b015-47c6ce9ff416',11,'20031785','NY','GMC',1),('40f7ec86-b6bf-44da-a8f0-8377679d5153',1,'19850585','NY','NISS -CAR/SUV',1),('4145c4e5-d2d6-4abc-a328-0c15c90e5518',1,'19853923','NY','LEXS -CAR/SUV',1),('415450c4-6f59-4646-8996-bbec89aff7fc',1,'19995303','NY','NISS -CAR/SUV',1),('41bb59fa-c271-4a0b-95ef-fa662a2641ac',2,'19943152','NY','HOND -CAR/SUV',1),('41d8a742-42e6-4052-8b8f-fcc4d5ee0f1e',1,'19970393','NY','HOND -CAR/SUV',3),('431c6b7e-81c4-4d93-8fe0-e5f6bc14e12c',2,'20026725','NY','HYUN -CAR/SUV',2),('44b34ecd-ab46-4aff-b1af-0b807f021a6c',1,'19851745','NY','TOYT -CAR/SUV',1),('4537502c-3705-42e1-abc5-4b883c05e89e',1,'19984184','NY','HOND -CAR/SUV',2),('454ac5df-c7c0-4268-8af3-75fb92dcc9c3',4,'19852670','NY','HOND -CAR/SUV',2),('45683f30-b112-43ef-b6d7-b037f8c2a1ad',2,'19971171','NY','HOND -CAR/SUV',1),('46d496d6-cd3e-4c43-a028-b7edd47a9c33',1,'19945264','NY','HOND -CAR/SUV',1),('47222a15-0d4c-4419-990e-c617c3211a93',1,'19834239','NY','JEEP -CAR/SUV',1),('481f24b6-86c4-4c34-b41e-503842ade111',1,'20061055','NY','INFI -CAR/SUV',1),('48a4cc0f-3dd7-4277-b237-abbf24805fe5',1,'19842283','NY','NISS -CAR/SUV',2),('4941b28d-703b-4918-8461-979456c6f8b0',2,'20035770','NY','HOND -CAR/SUV',1),('4a3e33b0-1583-4e4d-b7d4-1a8f6d9105ab',4,'20034878','NY','TOYT -CAR/SUV',1),('4b30eb98-4796-44cf-9d9d-9186cab28b8c',2,'20063537','NY','FORD -CAR/SUV',1),('4b5475d1-79a2-491c-9e34-21d99674983d',2,'19972424','NY','TOYT -CAR/SUV',2),('4baa0322-1261-4591-aa43-73abd0657e55',2,'19978886','NY','CADI -CAR/SUV',1),('4c546a39-a3d5-44ca-9fe5-acd3dd5c3f04',11,'20043264','NY','INTL-TRUCK/3',1),('4c7cba64-c703-4275-aa01-4fb4c4589089',5,'20029563','NY','CHEV -CAR/SUV',1),('4cadbcb5-34ef-45b3-a6d7-d9dfc806c489',1,'20020949','NY','INFI -CAR/SUV',1),('4db10301-c8e3-43c6-abdf-56123d9b730e',2,'19839386','NY','LEXS -CAR/SUV',3),('4f1a0809-d1bf-40ff-a8c7-1900c3c19048',1,'19823367','NY','VOLK -CAR/SUV',1),('4f5e777a-f2cf-4bad-bab5-029397ed1780',1,'19823823','NY','BMW -CAR/SUV',1),('4fb3809f-c495-4faf-aad0-6a2a10d4f620',2,'20051518','NY','NISS -CAR/SUV',1),('4fd1dc65-3d70-4276-ad40-430d5eeb8fce',2,'19829158','NY','HYUN -CAR/SUV',1),('5038fe82-9fa4-4d4d-8124-c1e4d30d8922',1,'19997843','NY','BMW -CAR/SUV',1),('5072d0af-ebfb-40bb-8c0e-8103080ba8b8',2,'19832474','NY','KIA -CAR/SUV',1),('5077cbe8-940b-4878-8602-7165074f6248',1,'20076836','NY','HOND -CAR/SUV',1),('50b0ba8d-a1bc-4ed7-9b6c-b44bc93cad44',2,'20076153','NY','VOLV -CAR/SUV',2),('514006d5-71d1-4b41-834c-489658035493',1,'19853914','NY','INFI -CAR/SUV',2),('5280ee87-4a67-4c9d-b52c-e0d3eca48ef6',1,'20009462','NY','FORD -CAR/SUV',1),('5289ec98-b9e6-4146-a898-506b6b18ca1e',1,'20009640','NY','HOND -CAR/SUV',1),('52dbe918-4ed9-4b67-9ea0-616fafc33d22',1,'20044189','NY','INFI -CAR/SUV',1),('533ade25-ec21-4683-a1dd-9e9d02bd9ec0',5,'19845076','NY','FORD -CAR/SUV',2),('537b9df2-b796-452f-8485-a579e102523f',2,'19860118','NY','FORD -CAR/SUV',1),('549e0c1c-8066-40c1-a263-2b167a4c28df',2,'20056724','NY','TOYT -CAR/SUV',2),('55335417-75ea-454b-af05-135a28cb1d23',2,'19834805','NY','MERZ -CAR/SUV',1),('55c1dd73-fdbc-4776-b9a7-7e1cf23dc2c1',2,'19993374','NY','BMW -CAR/SUV',1),('563c4fdb-d46a-4818-afd4-2bf700e3498e',1,'19990395','NY','HYUN -CAR/SUV',1),('5675016f-3ab5-4721-8fe4-697b7653a517',1,'19970308','NY','HYUN -CAR/SUV',3),('5705b277-1073-4841-8112-f3a5c0bc4f19',1,'19842305','NY','TOYT -CAR/SUV',1),('5743cbe3-e24d-4380-a372-46095504319b',1,'19943776','NY','DODG -CAR/SUV',1),('574db6a5-e7df-4aea-b85a-420b9bbac735',2,'20036174','NY','TOYT -CAR/SUV',1),('57d7aa3f-e552-4ce4-b04c-ad6a51e25aa2',10,'20037999','NY','CHEV-TRUCK/3',2),('57e07007-9e82-48a5-9b8f-0d07691dd8d9',1,'20047745','NY','HOND -CAR/SUV',1),('593b044e-5956-459d-a03e-0b8b42b37508',1,'20023185','NY','HOND -CAR/SUV',1),('5a038a16-e00c-41de-86e4-27053f81ce51',1,'20015673','NY','TOYT -CAR/SUV',1),('5a991075-16b5-48e0-b72b-8ab72a4709c6',1,'19987785','NY','HOND -CAR/SUV',1),('5ad73843-657c-4454-8f92-f4a317b158c4',2,'19948699','NY','TOYT -CAR/SUV',1),('5b880eb1-b398-46a1-a972-3b3295262452',1,'20057642','NY','TOYT -CAR/SUV',1),('5bd5eb7d-d3fa-4008-9c0d-b502b545e40a',1,'19844477','NY','VOLK -CAR/SUV',1),('5c5c0388-9e3e-4316-85ea-abf3c6e61511',2,'20014424','NY','NISS -CAR/SUV',1),('5ca28150-8988-4b8e-b22b-c4ab18311ec5',4,'20058608','NY','TOYT -CAR/SUV',1),('5ca52fa2-e368-4c08-9c0a-d8c70fd25095',1,'20003491','NY','KIA -CAR/SUV',2),('5db9965a-18f2-4722-871b-4b644b1a4fad',1,'19983153','NY','MERZ -CAR/SUV',4),('5e89ed39-211e-4148-bc8a-035aa7ab10ca',1,'20046975','NY','DODG -CAR/SUV',5),('5eb7f299-9f8c-4d02-97a2-195ef81f6ecf',2,'19952968','NY','JEEP -CAR/SUV',1),('5ee48f33-f9f6-4cae-87e4-33dc018a69b5',1,'19868044','NY','MERZ -CAR/SUV',1),('5eeb59a1-9a01-4eb3-bfb0-237723ed13f0',2,'19844570','NY','KIA -CAR/SUV',1),('5f1ff8f3-f437-4b78-a5c9-db86f9c1bfbd',2,'19942914','NY','JEEP -CAR/SUV',1),('61a8ddf9-64ca-4760-85eb-29c8278c111e',1,'19945708','NY','TOYT -CAR/SUV',2),('627d9ad9-32cf-4aff-9028-db9fa5d89bc5',1,'20001421','NY','HOND -CAR/SUV',2),('628e25e2-eb31-4025-8ef1-3069ff8bc72c',1,'20006232','NY','INFI -CAR/SUV',1),('634fb2db-d992-4246-863d-7bf223c142b3',1,'19973021','NY','NISS -CAR/SUV',1),('643171d8-9a70-4662-a364-0c79b30a7f3a',1,'19851322','NY','ACUR -CAR/SUV',2),('648df035-6c52-4e0f-9aab-590fab5c01f2',1,'19828597','NY','TOYT -CAR/SUV',1),('649ff536-2571-4511-83f9-1b29f656a14f',2,'20065368','NY','CHEV -CAR/SUV',4),('64ee70ad-3df3-4aaf-b2d2-4d425085640b',5,'19838222','NY','FORD -CAR/SUV',1),('65396609-592d-4c25-aec7-1935fa2c173f',2,'20073116','NY','HYUN -CAR/SUV',1),('668e0898-28e6-4af7-a232-68aa130ac07a',1,'19827173','NY','DODG -CAR/SUV',2),('67197f8b-2190-455a-98d0-06535f8ed2d6',1,'19978947','NY','HYUN -CAR/SUV',1),('67b03698-adf4-4866-a256-24af8400fe60',2,'20043223','NY','KW -CAR/SUV',1),('67c30104-dbcb-467f-bb2d-eeee152d03c6',1,'20049338','NY','HOND -CAR/SUV',2),('68c3f590-b674-4158-aa01-15264b18a65e',1,'19827618','NY','TOYT -CAR/SUV',2),('693d2f79-21af-4993-aaef-5070d19c494b',1,'19991035','NY','FORD -CAR/SUV',1),('697b19d1-bed3-4b28-99bc-a1b4fb408d92',4,'19861948','NY','TOYT -CAR/SUV',2),('6a138528-bf75-4b66-9b98-88c1d2fab8e1',1,'19855197','NY','ACUR -CAR/SUV',1),('6a8189d3-11c0-42b7-a951-5820e9ccd928',2,'19946529','NY','MERZ -CAR/SUV',1),('6ad0a0ae-2f80-40cc-934b-4930d8e15b1c',1,'19843071','NY','BMW -CAR/SUV',1),('6ba5c5e2-e921-4da7-af7d-aa919e4dcf29',2,'19956909','NY','LEXS -CAR/SUV',1),('6bd58ce8-a170-4b38-b08d-28b5dde38fd7',4,'19957349','NY','MERZ -CAR/SUV',1),('6c209d4c-8be0-48f5-a0f6-e6b71bf6ac17',2,'20019846','NY','NISS -CAR/SUV',1),('6c277162-8385-4b87-8834-a2626c8e0d80',2,'20075460','NY','HOND -CAR/SUV',1),('6ca2c3dc-d796-42fd-a1df-831ed41b595e',2,'19829970','NY','NISS -CAR/SUV',1),('6d0f7a8a-947e-4a60-9123-50289c5df246',2,'20001061','NY','HOND -CAR/SUV',1),('6d46b678-4ac0-49b8-8a02-c9c5d7ce6c2f',1,'20024983','NY','DODG -CAR/SUV',2),('6e77597a-9b98-45f2-9040-b323bf5466d1',1,'20040718','NY','HOND -CAR/SUV',2),('6f5d9866-0384-4a65-be58-84bd00b42146',1,'20049422','NY','CHEV -CAR/SUV',3),('6fc99e40-960d-4c0a-8dfa-a2cd1871021b',1,'20045352','NY','ALFA -CAR/SUV',1),('700fc181-9070-4f43-a1ff-6a4dd09084f0',1,'19824108','NY','TOYT -CAR/SUV',1),('70536408-4879-428a-8b29-b10fe392bf44',1,'19947595','NY','BMW -CAR/SUV',1),('708876e1-ab0c-4e98-8227-9f3f652b857c',1,'20023758','NY','CHEV -CAR/SUV',1),('712e2406-d9fa-4f86-a7d6-0f9d6a88bd86',1,'20067516','NY','MERZ -CAR/SUV',4),('714f58ab-509f-4399-b303-c920389db37b',2,'20057455','NY','HOND -CAR/SUV',1),('71fcc386-7ec8-4e14-b3c2-abbb8d1a2e03',2,'20029515','NY','JEEP -CAR/SUV',1),('720e30f7-235c-47e8-bb45-d6c005c68d27',1,'19838638','NY','FORD -CAR/SUV',1),('7232ff9f-f069-44a8-83a7-397a502163a6',2,'19988894','NY','GMC -CAR/SUV',1),('72a16021-4421-4959-8a96-4b0e55553943',1,'19994083','NY','NISS -CAR/SUV',1),('72a57bb6-1a09-44f0-a91d-a78602a845d8',1,'19967889','NY','KIA -CAR/SUV',1),('73ca4e2c-375f-482e-b106-6e7a64793aa1',1,'20054231','NY','BMW -CAR/SUV',1),('74b7d454-f58d-45a5-a3d5-30d8e61cf7e0',2,'19953670','NY','MERZ -CAR/SUV',8),('760a11b7-54e7-4e77-a0d4-9feb162cfa15',1,'19997741','NY','INFI -CAR/SUV',1),('764a6526-239c-4740-8e92-e64c1b27b6a8',4,'19826718','NY','TOYT -CAR/SUV',2),('76c83e26-c352-4e83-ada9-602d9bb47b72',1,'19970960','NY','HYUN -CAR/SUV',2),('76e4c553-ec2e-474c-b6b5-890d5c368948',2,'20037717','NY','JEEP -CAR/SUV',1),('77062123-e87b-40d1-b9bf-a33b5812bf81',1,'19960425','NY','MERZ -CAR/SUV',1),('785ed6e1-9b56-444a-9475-9bf206ed1ae3',2,'19829191','NY','FORD -CAR/SUV',3),('786f66ba-2d24-428a-9237-93c465e75542',7,'20054184','NY','HOND -MCL',1),('793443e9-dfa0-4103-bee8-ce584b2b0a8f',1,'20038354','NY','VOLK -CAR/SUV',1),('794370d8-a8f8-44b1-9fe6-2f3db7b85e30',2,'19982131','NY','HOND -CAR/SUV',3),('7a6312fd-1dee-4bd9-a372-34bac5c8ab0e',1,'20024956','NY','NISS -CAR/SUV',1),('7ad22509-ed44-4b17-806e-429e70543de9',2,'19857798','NY','FORD -CAR/SUV',1),('7b58d45b-6e53-4785-9cb7-3e2ed7f47162',1,'20003371','NY','DODG -CAR/SUV',1),('7c4811d9-0f1f-41ec-a441-0ebebead04eb',1,'20043443','NY','MERZ -CAR/SUV',1),('7c86b11b-077d-4759-ac7d-f16f3dfb227b',2,'20035651','NY','HYUN -CAR/SUV',2),('7cca6dd9-b78b-47f3-a898-04ac42eb5cd0',1,'19952964','NY','NISS -CAR/SUV',1),('7d6dd792-5d6d-48d7-9a16-0a6857486341',2,'19841865','NY','KIA -CAR/SUV',1),('7d93b83c-805a-4edd-ad43-88a3047b2ba1',1,'19867024','NY','NISS -CAR/SUV',2),('7debc98a-0810-4c44-ac34-b296f08549c7',2,'19973306','NY','FORD -CAR/SUV',1),('7df226f9-aaf4-4fb3-9237-e1ff67848286',2,'19837163','NY','KIA -CAR/SUV',1),('7e275dbd-e34d-4590-8b6f-47363f489109',2,'19852960','NY','NISS -CAR/SUV',1),('7e7fd31b-1c23-4dfd-8a0f-ef30e5ad389a',4,'19946494','NY','TOYT -CAR/SUV',1),('7eb7762a-dfe5-47fe-8220-8bcd81ebcd20',1,'20063246','NY','NISS -CAR/SUV',3),('7f4872fe-eb92-4d52-8570-367db2ed682b',4,'19964813','NY','HOND -CAR/SUV',1),('7fa48cff-c361-4b21-97c8-9d2071d021fe',1,'19870657','NY','HOND -CAR/SUV',1),('7fdb3223-7722-499c-81ed-0a77757bb8ef',4,'20053786','NY','TOYT -CAR/SUV',1),('81cd9b36-d5c3-4de4-b3b2-259abf5de4d8',2,'19834279','NY','TOYT -CAR/SUV',1),('81fb9a74-4434-46c0-a356-2f28e5d2ee65',2,'19858443','NY','SUBA -CAR/SUV',2),('82a667b0-efa1-4065-a5ae-7fb26088dea3',1,'19995420','NY','CHRY -CAR/SUV',1),('82c75a7e-1ee1-4288-a7f8-6ea9763e4660',5,'20023728','NY','TOYT -CAR/SUV',1),('8516bc68-ad9e-4be9-b03e-68388a8ab661',1,'19839394','NY','HYUN -CAR/SUV',1),('8672bede-70f3-48e9-b113-86cf7b142108',11,'20061358','NY','HINO -TRUCK/3',1),('86d86bf1-40bb-446d-abd6-793a9fd1a9bd',1,'19944793','NY','NISS -CAR/SUV',2),('8730981b-5d03-4b06-befa-7f5013bd92b8',2,'19837180','NY','BMW -CAR/SUV',1),('875b9e4f-6758-4ad8-9f45-775a6ecc3af5',1,'20011291','NY','INFI -CAR/SUV',2),('882d78d6-47c0-4c66-bb8e-437204835adf',1,'19824740','NY','HYUN -CAR/SUV',1),('8938c4dd-3f36-4547-9b6c-a2a978f4582e',1,'20029109','NY','HOND -CAR/SUV',5),('89ab0945-7816-4ada-8ff0-5a0a719909a6',13,'20026149','NY','VOLV -TRUCK/3',2),('89c19205-5f90-47a6-902a-cf15a2922a61',1,'19848080','NY','KIA -CAR/SUV',1),('89d852ca-ed80-4e2b-a32a-5d3d17f68ac5',2,'19983646','NY','FORD -CAR/SUV',1),('89df9d8b-4d72-4e86-92c2-6a868d70f505',1,'20057509','NY','JEEP -CAR/SUV',1),('8a36870b-de63-4d2d-aab2-4061ff6b52da',1,'19958424','NY','VOLK -CAR/SUV',1),('8a7ee742-04fa-4f00-88d8-af0c8aa49773',1,'19945032','NY','NISS -CAR/SUV',1),('8aa41f09-d920-47f2-ae48-3683ce571905',1,'20041327','NY','NISS -CAR/SUV',1),('8abc1f03-cce9-4f5d-b074-1918fa8ce487',2,'19824916','NY','JEEP -CAR/SUV',1),('8b20e995-2c2a-477c-9e81-083782b693da',1,'20038448','NY','HYUN -CAR/SUV',1),('8c32bf8d-4d25-4a26-acda-575691af1430',1,'20041021','NY','INFI -CAR/SUV',1),('8cfa01af-d536-4bf2-ae89-5592fae37e3b',2,'19991509','NY','FORD -CAR/SUV',1),('8d310895-770c-48d3-b853-6ee6a1d282a0',2,'20031432','NY','TOYT -CAR/SUV',1),('8e2fe739-1b78-4993-98e1-a29e49b0dd18',1,'20005749','NY','LEXS -CAR/SUV',1),('8ed740c1-e807-468f-aa76-7112cf0da218',1,'19953809','NY','HOND -CAR/SUV',1),('8f728991-a664-4051-97be-2712553d2406',17,'20069358','NY','VOLV -TRUCK/3',1),('8ffbf78f-aafd-4320-a199-cbb6c332b9d2',2,'19950753','NY','JEEP -CAR/SUV',1),('9004d0a3-f55f-47ed-9f9b-92d2d74ffd4e',1,'20022992','NY','ACUR -CAR/SUV',1),('900c2785-7cdb-456e-aae1-05f05b163544',5,'20023664','NY','FORD -CAR/SUV',1),('9037952c-e519-4d59-a286-1e2e323ac7e0',1,'20001415','NY','TOYT -CAR/SUV',1),('905f3bef-f15f-4f27-a6b6-68dd871732c3',2,'19851637','NY','FORD -CAR/SUV',1),('90bba616-8ea2-4dda-aada-3cc87efa03bc',1,'19999669','NY','HYUN -CAR/SUV',1),('90bf53de-1d2e-4a58-bd1b-4b8a71f03eaf',1,'20066775','NY','HOND -CAR/SUV',2),('90cee8ab-9813-4c98-8a8a-173ca0cf3470',2,'20027627','NY','FORD -CAR/SUV',1),('90d8e6d0-efa0-4660-952a-a61b853cca93',1,'20031719','NY','CHEV -CAR/SUV',1),('90e65392-d611-482b-8ed0-23a131acbe61',2,'20039867','NY','SUBA -CAR/SUV',3),('90f102bf-8895-4120-aaae-99359a70a27f',2,'20004899','NY','MERZ -CAR/SUV',1),('90fd1aa6-cc7f-42c8-8e21-baf597b2f32f',1,'20015451','NY','CHEV -CAR/SUV',2),('91009c33-4763-41ac-b578-53d2bda2152b',1,'19849041','NY','INFI -CAR/SUV',1),('91a0f785-ac88-4388-8113-f64dac9144f7',2,'19944888','NY','TOYT -CAR/SUV',3),('91a42faa-db01-4bdc-ab02-d86d2cd53e42',2,'20028929','NY','JEEP -CAR/SUV',1),('92034406-b579-4118-9ab0-c533d0df5db1',1,'19964082','NY','HOND -CAR/SUV',1),('9449ce12-9b30-4d7b-9adb-eafdda824f6b',1,'20002248','NY','CHEV -CAR/SUV',1),('95c017c2-ef59-4bde-af7a-fba5b9705ca9',1,'19839421','NY','KIA -CAR/SUV',2),('96217b1d-3a85-4e68-8f31-1d74ff9d41bf',1,'19834316','NY','BMW -CAR/SUV',2),('962b8e8b-9ddc-4f47-a176-ebd2648e4c12',2,'19928438','NY','FORD -CAR/SUV',4),('97bff0e3-f746-41ca-8712-9b9d7800138a',2,'20058762','NY','ACUR -CAR/SUV',1),('97dfe2b8-3878-45df-836e-bcb2c5572db8',6,'19947519','NY','NIU',1),('98429316-1e55-4274-ad24-8f5ea27b107a',2,'20005569','NY','HYUN -CAR/SUV',1),('986eec13-c64a-4633-994f-0f31b536c8af',1,'19962308','NY','MERZ -CAR/SUV',1),('98848d81-1443-4c3e-a1ee-b0493e172cd3',2,'20043611','NY','DODG -CAR/SUV',1),('98dbeea6-f080-4c02-af9d-6dc4d87a71f3',1,'19950507','NY','TOYT -CAR/SUV',1),('9956b60a-e4fa-431e-88dc-efbf03458b80',1,'19841894','NY','ACUR -CAR/SUV',1),('999b2a0e-8a8f-4a96-8ee8-9f87bdd413ce',2,'20057008','NY','CHEV -CAR/SUV',1),('99ff2557-e1ac-4fc5-8f9c-68a4e51f3bb6',2,'19828533','NY','ACUR -CAR/SUV',1),('9b1649e7-c01f-43a7-8d32-324ff29c9a46',1,'19961258','NY','LNDR -CAR/SUV',1),('9b5ae37c-c6d7-44bd-b4b7-b2c2f5d1cc75',8,'19974013','NY','MACK',1),('9c8c1f5e-370c-446e-a3af-74f9ec32f5ec',2,'19949873','NY','NISS -CAR/SUV',1),('9cbffe1e-06bd-424b-ba6a-4bdc61a94299',1,'19962758','NY','HOND -CAR/SUV',1),('9cf7afbd-03c4-4585-92f2-67d62f4d5c89',1,'19859458','NY','HOND -CAR/SUV',2),('9dca1d5e-cab9-42e0-bbd2-1bd0a404c45f',1,'20072180','NY','HOND -CAR/SUV',1),('9dfce539-782a-4277-89c4-8ac725f8b46a',7,'20002395','NY','SUZI -MCL',2),('9e20549e-f2d7-4336-a411-05b35261302c',1,'19956115','NY','TOYT -CAR/SUV',1),('9e3f2726-c4cc-4e6f-a6af-542a9f3fc83c',2,'20069328','NY','FORD -CAR/SUV',2),('9e84e757-826d-4234-a305-ccdc85b6635b',1,'20039549','NY','SUBA -CAR/SUV',1),('9f8ee770-bcf1-4bca-9780-01d676a5bc7e',1,'20033775','NY','NISS -CAR/SUV',2),('9fe23485-740c-4715-866b-424e62ca0038',1,'19955870','NY','HOND -CAR/SUV',1),('a0604169-9cd7-4384-8c4f-f802e0568711',1,'20009379','NY','HOND -CAR/SUV',3),('a128c8c4-c5dd-4358-87a7-02703a862604',2,'20000401','NY','ACUR -CAR/SUV',2),('a140627a-0730-41cf-895e-c44892bfba3e',1,'20069384','NY','BMW -CAR/SUV',3),('a2826f94-83ff-4d17-aef5-fe13140fa3c4',1,'19852686','NY','TOYT -CAR/SUV',2),('a434df01-0078-487a-93be-32017b7ee0a7',2,'20035362','NY','HOND -CAR/SUV',1),('a55798b4-b0b2-46ef-b5b5-34eba27fc81a',2,'19856491','NY','TOYT -CAR/SUV',1),('a5fa35e9-9bf6-4c16-8f26-4af13c6de592',1,'19982628','NY','TOYT -CAR/SUV',1),('a614c388-cbba-4197-900a-799f0cb2b0f9',1,'20074469','NY','FORD -CAR/SUV',1),('a6c783f6-f662-412d-810f-6b021dbce4aa',1,'20103356','NY','VOLK -CAR/SUV',4),('a8d45880-e51c-40e8-acb4-02c5248798d8',1,'19843542','NY','TOYT -CAR/SUV',1),('a9703719-3b70-4455-80fd-adc9c996350f',4,'20040988','NY','TOYT -CAR/SUV',1),('a9e39655-dc99-447d-8ca0-8ef13251954d',1,'19995033','NY','DODG -CAR/SUV',1),('a9f03379-4987-41b8-bbf4-7e0b53550c86',4,'20065619','NY','HOND -CAR/SUV',2),('aabbb243-c23c-4210-8088-0eb32199a347',2,'20050437','NY','HOND -CAR/SUV',1),('aada0edb-58f0-4c5a-b650-02b2723b0027',1,'19961673','NY','HOND -CAR/SUV',1),('aade07f8-84e4-44ea-be26-f6628ab63bd6',1,'19845025','NY','TOYT -CAR/SUV',1),('ac463bb6-a00c-49aa-bcb9-2fe831c1053b',5,'20054817','NY','HOND -CAR/SUV',1),('add667d7-da9f-47c2-afd1-41e8ece2ec5a',1,'20033463','NY','TOYT -CAR/SUV',1),('ae912c54-f094-4447-a445-e2f68cc557e0',1,'19974043','NY','HOND -CAR/SUV',2),('aee840e6-ece1-449a-8156-3994b02a4262',1,'19978484','NY','HOND -CAR/SUV',1),('af27d5fc-cdc3-46ae-8d1a-440aa7f950c1',1,'20004834','NY','VOLK -CAR/SUV',4),('af83da14-ce42-4770-93a6-76a09cd12ec6',2,'19996939','NY','LINC -CAR/SUV',1),('af906067-73a1-4315-96eb-c2c4696a6e0f',2,'20078886','NY','NISS -CAR/SUV',1),('afc086e4-a4e6-4336-9ed0-fd1fe34c96c1',3,'19824784','NY','CHEV-TRUCK/3',2),('afce40f8-af11-4f50-b9ef-0fe10bc79bf0',2,'20069818','NY','JEEP -CAR/SUV',1),('b00e9fd8-42bc-4515-884a-3ede1866fccd',2,'19967270','NY','TOYT -CAR/SUV',1),('b015c0e2-f795-4aa8-ba58-de738917a4da',2,'19937735','NY','CHEV -CAR/SUV',2),('b037f47f-ff61-4a35-a1e9-ad91068ae77a',1,'20071263','NY','MERZ -CAR/SUV',1),('b08df47b-c4bc-4cc0-8dab-9e54b090a052',1,'19822168','NY','VOLK -CAR/SUV',1),('b0f9bf8f-7b53-4b31-93c5-11442c0822d8',1,'20009062','NY','TOYT -CAR/SUV',2),('b11293cf-2fef-4a8b-a932-1eb498ccf9f7',2,'20065065','NY','TOYT -CAR/SUV',1),('b26bdfda-6b21-477d-bccd-1ee0a5e7a6ba',2,'20063800','NY','BMW -CAR/SUV',1),('b2e12dff-0949-46b8-8365-bc93e007a0bb',1,'20017797','NY','DODG -CAR/SUV',1),('b378544e-df76-4cbc-b36f-e69f3a3b8d94',1,'20002817','NY','NISS -CAR/SUV',1),('b3b6d8e9-b235-4ef0-b6a1-e73dc0c58d4e',2,'19982490','NY','JEEP -CAR/SUV',1),('b415f0ac-ef67-490e-ad02-6725b229b8de',2,'19970159','NY','HOND -CAR/SUV',3),('b5d61f49-b98b-4382-ab90-c542511df88e',1,'20060279','NY','DODG -CAR/SUV',1),('b6e65fcb-a16f-46a2-82d4-e980e7e746f1',2,'20011615','NY','HOND -CAR/SUV',1),('b75ff219-48a5-4c91-a47a-25f365ee6283',1,'20037948','NY','MERZ -CAR/SUV',1),('b88c92ab-ab95-4f0c-9cf6-84349d05bb21',1,'19836112','NY','MAZD -CAR/SUV',1),('b9e882db-6598-4155-b942-dd688e20a012',15,'20043157','NY','CHEV-TRUCK/3',1),('ba021c68-25bc-4987-afd9-86028892f6a1',1,'19988301','NY','BMW -CAR/SUV',1),('ba594b4a-2465-4031-a7d4-3046fed7e203',1,'19837437','NY','HOND -CAR/SUV',1),('bbb09f93-8b6a-439c-a1c4-f79ab6097930',9,'19945458','NY','YAMA -MCL',1),('bbf03033-775a-48b7-8fb0-91c9911b3f75',4,'19955588','NY','CHRY -CAR/SUV',2),('bc7b6ab0-8507-4315-9348-2951e470810d',1,'19977792','NY','HOND -CAR/SUV',1),('bdc582e1-e768-4363-bddb-afcd2587c70e',1,'20075792','NY','LEXS -CAR/SUV',1),('be076dfe-6c87-4d54-b402-3d4881a74382',1,'20053090','NY','TOYT -CAR/SUV',1),('bf076e34-57a0-4080-bef9-959378301471',7,'19973059','NY','Victory',1),('bfe9b5bd-c4b5-46a6-8026-24235fb446cf',1,'19835894','NY','LEXS -CAR/SUV',1),('c0ba21a1-2fef-4fc1-b5bc-db041095d4d0',2,'19984537','NY','BMW -CAR/SUV',1),('c1d38231-bdf2-409f-8df0-44c37175b001',1,'19995804','NY','TOYT -CAR/SUV',3),('c3df19c7-55c7-4da3-8bcc-0b3d90432902',2,'19857904','NY','JEEP -CAR/SUV',1),('c4425932-7fd5-4dec-a55e-aa7a1b53512d',2,'19861505','NY','JEEP -CAR/SUV',1),('c4557fb3-83ba-4b5a-bdc3-f12e326bfb48',2,'19986458','NY','FORD -CAR/SUV',1),('c47ad763-7b94-44f5-85b5-478e2e660428',2,'20041142','NY','TOYT -CAR/SUV',2),('c4dda409-b7ab-4b4e-a0d8-affc2c2f2668',1,'19852671','NY','HYUN -CAR/SUV',2),('c5a38083-95e5-42f8-b3bf-daf41a43916d',1,'20015713','NY','TOYT -CAR/SUV',1),('c5ea7696-b07b-452c-aacb-4c5d03976a21',2,'20074237','NY','BUIC -CAR/SUV',5),('c6c9eff5-bc4c-44e2-9388-9f981d86a892',1,'20010193','NY','TOYT -CAR/SUV',1),('c868d707-e627-4448-bef0-89433744c6e9',1,'20033303','NY','HYUN -CAR/SUV',1),('c89bc995-974a-4207-99f1-e57515e13f95',2,'20067536','NY','LEXS -CAR/SUV',1),('c8cbb2e6-e79b-41fc-b37e-da0f16387aaf',1,'20048289','NY','TOYT -CAR/SUV',2),('c8d2e170-fb46-4841-acd6-5d9b54cf26e4',1,'19827927','NY','INFI -CAR/SUV',1),('c96c5fc3-d20f-4bf7-871b-8a45d803ee7a',1,'20017164','NY','TOYT -CAR/SUV',2),('c9ccd1ea-bd3a-4471-8c05-b2afdf4c52b6',1,'20066897','NY','HOND -CAR/SUV',4),('ca01eb39-2d63-43b5-9175-99e63d674486',1,'19981995','NY','NISS -CAR/SUV',1),('ca95dda1-3da5-4e61-aec4-51dc72a70844',1,'19952784','NY','TOYT -CAR/SUV',2),('cb52400e-14a4-4fd6-94d0-814943e0e4bb',2,'20062466','NY','BMW -CAR/SUV',2),('cb614ae0-aba1-48db-a2d9-3a2ecaafd277',2,'19947665','NY','FORD -CAR/SUV',1),('cb630c92-7fc4-4b1d-b7c8-32bb8f88239c',2,'20024877','NY','LEXS -CAR/SUV',1),('cbdae7bf-0ccc-4f89-949e-91017569598f',1,'19866483','NY','TOYT -CAR/SUV',1),('cc53dc2d-b800-43e3-9880-b9a4a372d86d',2,'19842034','NY','ACUR -CAR/SUV',1),('cc59a2bb-0afd-4693-b859-aff1ca87d81c',2,'19960331','NY','CHEV -CAR/SUV',1),('ccb38965-ed3f-4f1b-8823-248dc2bef106',1,'20061705','NY','HOND -CAR/SUV',1),('cda59410-5e2d-4725-9f01-7a5880e8847c',1,'20035571','NY','ACUR -CAR/SUV',1),('cdb4b297-f99c-47c8-a9fe-99cc43725f3d',1,'19997897','NY','TOYT -CAR/SUV',1),('cdcb2d9d-1f93-4864-bb73-d314039389b3',1,'20008398','NY','TOYT -CAR/SUV',3),('ce612392-86bb-45c4-99cb-399bbd7f760d',12,'20036874','NY','FORD-TRUCK/3',1),('ce6caae8-88ed-4450-8331-78457e14dd7a',1,'19954147','NY','HYUN -CAR/SUV',2),('ceafec72-a1dc-4b63-8065-b2ac517958ce',1,'20049181','NY','TOYT -CAR/SUV',1),('d01611f7-cca0-4354-ae86-9362f429300a',2,'19996579','NY','NISS -CAR/SUV',1),('d0976578-d603-4994-9893-131932b9eafb',1,'20031614','NY','FORD -CAR/SUV',1),('d0a0bda0-93fc-4314-b1f9-3f9a63be09e6',1,'20071679','NY','ACUR -CAR/SUV',1),('d0b11f42-a3fa-4cd9-8f91-def8bc707952',2,'20053055','NY','HOND -CAR/SUV',2),('d0ba1087-d991-4a64-8101-90efb3d9cdbb',1,'19858264','NY','MAZD -CAR/SUV',1),('d1009787-ff76-4f0a-a6d2-7eb471dba031',1,'20069866','NY','BMW -CAR/SUV',1),('d1492a2c-5762-49aa-b397-7301ccbc7162',1,'19972727','NY','NISS -CAR/SUV',1),('d17b8fd3-e59d-44c7-9b3f-efa8347e45c2',1,'19844673','NY','BMW -CAR/SUV',2),('d1f33060-09d5-45ca-937f-46281f370eef',1,'20010942','NY','NISS -CAR/SUV',1),('d2b9f9c0-80fc-494a-b4b5-d08e457d9b49',2,'20045153','NY','TOYT -CAR/SUV',1),('d33bb9bd-e467-4494-8cf0-e23cf6f967a8',1,'19962519','NY','TOYT -CAR/SUV',2),('d43fe247-0b2d-4d2e-b631-9e221ee7580b',1,'20004519','NY','MAZD -CAR/SUV',1),('d47fd256-4863-4033-8254-dd4fa7f8f8fa',2,'19850564','NY','SUZI -CAR/SUV',1),('d4923945-589d-4de0-9a83-05f5d6b387e4',2,'20003431','NY','MERZ -CAR/SUV',1),('d616bf72-3bec-453c-865a-b6de32ce0dd3',2,'20039508','NY','LINC -CAR/SUV',2),('d73fdaac-ee8c-4536-9190-939b81cadefa',1,'19989312','NY','VOLK -CAR/SUV',1),('d76921ec-8f5c-42da-aeb1-f702b6506f28',2,'19967111','NY','HOND -CAR/SUV',1),('d87c4086-973f-4407-ba03-3e7ad65df670',1,'20010186','NY','FORD -CAR/SUV',1),('d8a37378-107b-43eb-979b-a839ee6950ea',1,'19965343','NY','TOYT -CAR/SUV',2),('d8b3ee5f-06b3-4976-81b9-769bd3634317',2,'19833501','NY','NISS -CAR/SUV',1),('d8cddcd1-b143-472b-9f03-011624dfafac',2,'20014893','NY','JEEP -CAR/SUV',1),('db1ccaeb-91f7-4169-b7f8-e72e2f887de9',1,'19959487','NY','TOYT -CAR/SUV',1),('dc370bf5-9c6b-4ead-85ec-908df642b487',2,'19987523','NY','FORD -CAR/SUV',1),('dc3ca6a0-b010-440f-9a81-32a90c734717',1,'20000030','NY','FORD -CAR/SUV',1),('dcfb4a00-47a2-441a-9ec4-b00ec714d0bd',1,'19865539','NY','TOYT -CAR/SUV',1),('dd2a3c6e-34b3-4818-91a1-07ac68d7a1cd',1,'19975706','NY','FORD -CAR/SUV',2),('dd81e318-131e-4573-9681-cab4eabb16c6',2,'19966626','NY','HOND -CAR/SUV',1),('de3a7940-7d5e-4bf5-ae0b-402a3e13d78a',2,'19988747','NY','NISS -CAR/SUV',1),('deafd3c7-2bed-4c7b-bdd2-1fe70c812609',2,'20046326','NY','HOND -CAR/SUV',2),('debd4bb4-96d8-4016-9efb-16e17f788ce2',2,'20018024','NY','INFI -CAR/SUV',1),('dfab9753-3a3d-40f2-abd2-c6ce33518853',1,'19984121','NY','CHEV -CAR/SUV',2),('e088d21b-289f-4be1-8101-7720aaf1c524',2,'20008688','NY','SUBA -CAR/SUV',2),('e0994735-87dc-4a7a-9b69-e48e65403967',1,'20054527','NY','NISS -CAR/SUV',1),('e0d16be0-4553-4d5a-91c6-621fb2d7a6cf',1,'19977768','NY','SUBA -CAR/SUV',1),('e1214669-ffdb-4e52-9607-b0af1e131ac5',2,'19826791','NY','DODG -CAR/SUV',6),('e1cd1f1b-ba20-4271-b375-30bfa4b40618',2,'20019571','NY','DODG -CAR/SUV',1),('e23259d8-baee-448d-94a7-7240d776df65',1,'19969091','NY','FORD -CAR/SUV',2),('e23de4ff-96aa-42c0-bda2-5561845b4812',2,'20034209','NY','NISS -CAR/SUV',1),('e25232b5-9d3f-4ba5-817c-944330f987b5',1,'19952382','NY','BMW -CAR/SUV',1),('e292b85e-4ec2-4d9c-9538-791aca184ee5',2,'20065087','NY','NISS -CAR/SUV',1),('e35cf47d-9f7f-429c-a9e0-ccb62dce102f',1,'19956124','NY','HOND -CAR/SUV',2),('e3996cf2-5f82-4590-9344-73ea05691e78',2,'20042077','NY','KIA -CAR/SUV',1),('e3fd95ef-b2a8-470d-ae91-4fc859090e76',1,'19953444','NY','TOYT -CAR/SUV',1),('e4b48198-a3d9-42ac-ac7c-f43b21ce4c96',1,'20049453','NY','NISS -CAR/SUV',2),('e4f68fea-85da-494c-a6b5-eeadd8dc62f9',1,'19865407','NY','SUBA -CAR/SUV',2),('e54b554e-05e9-4328-84b8-b0bd2a06d9d6',2,'19990486','NY','CHRY -CAR/SUV',1),('e590bff9-0f89-4fbf-95d6-5db4437690cd',1,'19995216','NY','NISS -CAR/SUV',3),('e61234ae-a691-49e8-837c-33d4ac44396b',1,'19978198','NY','NISS -CAR/SUV',1),('e654e788-b014-4f4a-aee7-8f4f7119841b',1,'19967234','NY','BMW -CAR/SUV',1),('e73a1279-7fca-446b-ab7c-b23d6a770ccd',1,'19960893','NY','BMW -CAR/SUV',1),('e74e2cb2-ed53-4821-9776-4ceeb4a3ca25',1,'19843841','NY','HOND -CAR/SUV',1),('e8d737ba-10f6-4448-9173-409fbe96e939',1,'19997362','NY','BMW -CAR/SUV',2),('e9c25e56-1490-4d75-9022-2dc0e14eb7c4',2,'19861873','NY','NISS -CAR/SUV',1),('e9f81d7d-8127-4f5d-bde2-d11fa50dc96d',1,'19833613','NY','BMW -CAR/SUV',1),('ea412b7c-0a1b-45d7-a140-1204c5950128',5,'19966470','NY','GEO -CAR/SUV',1),('ea4d3e38-8d0c-4379-9439-30530627b285',2,'19967656','NY','BMW -CAR/SUV',3),('eae554eb-bba6-4aac-b0df-81eb7853d9f5',2,'19989307','NY','BMW -CAR/SUV',2),('eaf88973-92bc-402e-b5d0-36bb1f079343',1,'19859058','NY','HOND -CAR/SUV',2),('ebef80e5-f320-47a9-92a5-e7eff97a385c',2,'19836498','NY','TOYT -CAR/SUV',1),('eca0113b-edba-4371-acce-cc07c79a9fb1',2,'19858195','NY','NISS -CAR/SUV',2),('ecad750d-68e6-4f12-ae82-2031ec6f3be3',1,'20036852','NY','HYUN -CAR/SUV',1),('ecc2c810-e2a2-4df2-8893-ed450a758991',10,'19980476','NY','CHEVY',1),('ecec31c8-dffc-4d41-afa0-c9986b991329',2,'20075577','NY','MERZ -CAR/SUV',1),('ed303c7c-de90-4088-b429-3c06051dea0c',1,'20012688','NY','NISS -CAR/SUV',1),('ede586a4-d975-4b15-9a39-cc59d68c8177',1,'19864181','NY','TOYT -CAR/SUV',1),('ee2707ad-1183-47eb-bb72-9faaca9b0058',1,'19860416','NY','INFI -CAR/SUV',1),('ee51f951-6d94-475a-bbdb-1073008b3c6c',1,'20023657','NY','TOYT -CAR/SUV',1),('ee85fbeb-d34a-4f71-b49e-c781ce50479c',2,'20026269','NY','HOND -CAR/SUV',1),('ef16d03d-940f-495e-99da-dce121ea2206',1,'20074759','NY','LINC -CAR/SUV',1),('ef4c5955-cc9b-41b1-b478-35ba13da5731',1,'19859824','NY','NISS -CAR/SUV',1),('f06bc0b3-262f-448f-bff7-81228af07a63',1,'20055927','NY','CHEV -CAR/SUV',1),('f1452268-aa94-454b-9939-365019b1018c',1,'19980485','NY','HYUN -CAR/SUV',1),('f29862fe-25d1-4ce6-8079-b8e00729857c',1,'20002566','NY','CHRY -CAR/SUV',1),('f317a6f1-f77f-4ca4-86ef-62b4094c8c2d',1,'20042709','NY','NISS -CAR/SUV',1),('f3a92145-17e2-4cba-a7db-660f441db08c',1,'20081206','NY','ACUR -CAR/SUV',1),('f41ead69-52ea-40bf-9979-a25d5958e88a',1,'19960323','NY','BMW -CAR/SUV',1),('f4f7bcd4-ef95-4ec8-990b-044981308008',2,'20008339','NY','DODG -CAR/SUV',1),('f5916d81-7b1f-4fb9-a370-daa6a0cf02e1',1,'19825398','NY','HOND -CAR/SUV',1),('f59f5185-b4bd-4678-b366-de0afd50d3e9',1,'20053882','NY','FORD -CAR/SUV',1),('f601a71f-8c3d-4dd1-9a7b-4879b42cffa4',2,'20044877','NY','HOND -CAR/SUV',1),('f6165e3b-a683-4e18-a0fc-1970e9ab05eb',1,'19973180','NY','TOYT -CAR/SUV',1),('f71d826a-134e-497a-b4e5-af23129fad8b',1,'19855856','NY','SUBA -CAR/SUV',1),('f7962cfc-085b-461f-a80f-30dd947e6246',1,'19861071','NY','LEXS -CAR/SUV',1),('f81fb643-5295-4e3c-8dd5-f45046483e3a',1,'20061232','NY','TOYT -CAR/SUV',2),('f94e57f7-c507-48af-80d2-168fc1a285cb',2,'19845707','NY','CHEV -CAR/SUV',1),('f94fc3ce-ed60-42e7-b374-cfe0a23e9dbb',1,'20016980','NY','TOYT -CAR/SUV',1),('f9d8057b-3323-4cae-a4ef-6d0661f1d40b',1,'19859500','NY','NISS -CAR/SUV',2),('fa6bc981-16bd-4a0a-994d-32d685dfadc8',1,'20036284','NY','BMW -CAR/SUV',1),('fad26ebd-1e13-45ac-a6f9-c79d8a99636e',2,'20001533','NY','INFI -CAR/SUV',1),('fc397983-c9fd-4968-9564-d9822f02873f',1,'19961056','NY','ACUR -CAR/SUV',2),('fc450f67-858a-40a1-953b-0f0ded212ef9',2,'19850122','NY','HOND -CAR/SUV',1),('fc6d6cc8-fff8-419f-8664-070e123077cc',1,'19959389','NY','HOND -CAR/SUV',1),('fcfa3d0f-fbc4-48a9-a70b-cead47cd127d',2,'19829569','NY','MAZD -CAR/SUV',1),('fdb4491e-a93b-4dcd-899b-e12fb37b76dd',11,'20002713','NY','INTL-TRUCK/3',2),('fe90e033-23a7-4b08-9930-06efbc2297d2',1,'19862818','NY','HYUN -CAR/SUV',1),('fff4747a-0479-433c-97a5-0ff7e0724f44',1,'19989436','NY','LEXS -CAR/SUV',1);
/*!40000 ALTER TABLE `vehicle_table` ENABLE KEYS */;
UNLOCK TABLES;

--
-- Table structure for table `vehicle_type_table`
--

DROP TABLE IF EXISTS `vehicle_type_table`;
/*!40101 SET @saved_cs_client     = @@character_set_client */;
/*!50503 SET character_set_client = utf8mb4 */;
CREATE TABLE `vehicle_type_table` (
  `vehicle_type_id` int NOT NULL AUTO_INCREMENT,
  `type` varchar(45) NOT NULL,
  PRIMARY KEY (`vehicle_type_id`),
  UNIQUE KEY `vehicle_type_id_UNIQUE` (`vehicle_type_id`)
) ENGINE=InnoDB AUTO_INCREMENT=19 DEFAULT CHARSET=utf8mb3;
/*!40101 SET character_set_client = @saved_cs_client */;

--
-- Dumping data for table `vehicle_type_table`
--

LOCK TABLES `vehicle_type_table` WRITE;
/*!40000 ALTER TABLE `vehicle_type_table` DISABLE KEYS */;
INSERT INTO `vehicle_type_table` VALUES (1,'Sedan'),(2,'Station Wagon/Sport Utility Vehicle'),(3,'Bus'),(4,'Taxi'),(5,'Pick-up Truck'),(6,'E-Bike'),(7,'Motorcycle'),(8,'DUMP'),(9,'Moped'),(10,'Van'),(11,'Box Truck'),(12,'Tow Truck / Wrecker'),(13,'Tractor Truck Gasoline'),(14,'Convertible'),(15,'PK'),(16,'Motorscooter'),(17,'Flat Bed'),(18,'Garbage or Refuse');
/*!40000 ALTER TABLE `vehicle_type_table` ENABLE KEYS */;
UNLOCK TABLES;
/*!40103 SET TIME_ZONE=@OLD_TIME_ZONE */;

/*!40101 SET SQL_MODE=@OLD_SQL_MODE */;
/*!40014 SET FOREIGN_KEY_CHECKS=@OLD_FOREIGN_KEY_CHECKS */;
/*!40014 SET UNIQUE_CHECKS=@OLD_UNIQUE_CHECKS */;
/*!40101 SET CHARACTER_SET_CLIENT=@OLD_CHARACTER_SET_CLIENT */;
/*!40101 SET CHARACTER_SET_RESULTS=@OLD_CHARACTER_SET_RESULTS */;
/*!40101 SET COLLATION_CONNECTION=@OLD_COLLATION_CONNECTION */;
/*!40111 SET SQL_NOTES=@OLD_SQL_NOTES */;

-- Dump completed on 2023-12-08 17:07:24
